南京大学物理学院,https://physics.nju.edu.cn/,,,,
中国南海研究协同创新中心,http://nanhai.nju.edu.cn/,WARNING0,,,
南京大学小百合BBS -- bbs.nju.edu.cn -- lilybbs.net,http://bbs.nju.edu.cn/,WARNING0,,,
工会,http://gh.nju.edu.cn/,WARNING0,,,
首页- 南大青年,https://tuanwei.nju.edu.cn/,,,,
大气科学学院,http://as.nju.edu.cn/,WARNING0,,,
南京大学图书馆,http://lib.nju.edu.cn/html/index.html,WARNING0,,,
计算机系主页,http://cs.nju.edu.cn/,WARNING0,,,
南京大学教务处,http://jw.nju.edu.cn/,WARNING0,,,
南京大学,https://www.nju.edu.cn/,,,,
《南京大学学报(自然科学)》,http://jns.nju.edu.cn/CN/1000-1182/home.shtml,WARNING0,ERROR0,,
南京大学新闻传播学院,http://jc.nju.edu.cn/,WARNING0,,,
生命科学学院,http://life.nju.edu.cn/,WARNING0,,,
南京大学金陵学院,http://www.jlxy.nju.edu.cn/,WARNING0,,,
欢迎来到南京大学化学化工学院!,http://chem.nju.edu.cn/,WARNING0,ERROR0,,
现代工程与应用科学学院,http://eng.nju.edu.cn/,WARNING0,,,
南京大学学生工作处,http://xgc.nju.edu.cn/,WARNING0,,,
哲学系,http://philo.nju.edu.cn/,WARNING0,,,
南京大学电子科学与工程学院,http://ese.nju.edu.cn/,WARNING0,,,
地理与海洋科学学院,http://sgos.nju.edu.cn/,WARNING0,,,
后勤服务集团,http://hqjt.nju.edu.cn/,WARNING0,,,
南京大学国有资产管理处,http://jfx.nju.edu.cn/,WARNING0,,,
外办,http://wb.nju.edu.cn/,WARNING0,,,
教育研究院,http://edu.nju.edu.cn/,WARNING0,,,
南京大学房地产管理处,http://fcc.nju.edu.cn/,WARNING0,,,
南京大学金陵学院教务处,http://jw.jlxy.nju.edu.cn/,WARNING0,,,
南京大学研究生院,http://grawww.nju.edu.cn/,WARNING0,ERROR0,,
人文社会科学高级研究院,http://ias.nju.edu.cn/,WARNING0,,,
南京大学医院,http://hospital.nju.edu.cn/,WARNING0,,,
南京大学医药生物技术国家重点实验室,http://biopharm.nju.edu.cn/,WARNING0,,,
南京大学工程管理学院,http://sme.nju.edu.cn/,WARNING0,,,
校长办公室 法制办公室,http://xiaoban.nju.edu.cn/,WARNING0,,,
生命分析化学国家重点实验室,http://sklac.nju.edu.cn/,WARNING0,,,
配位化学国家重点实验室,http://sklcc.nju.edu.cn/,WARNING0,,,
mcxxy.nju.edu.cn/,http://mcxxy.nju.edu.cn/,WARNING0,ERROR0,,
南京大学软件学院,http://software.nju.edu.cn/,WARNING0,,,
南京大学商学院,http://nubs.nju.edu.cn/,WARNING0,,,
信息公开,http://xxgk.nju.edu.cn/,WARNING0,,,
保卫处,http://bwc.nju.edu.cn/,WARNING0,,,
南京大学历史学院,http://history.nju.edu.cn/,WARNING0,,,
南京大学教育发展基金会,http://njuedf.nju.edu.cn/,WARNING0,,,
河仁社会慈善学院,http://charity.nju.edu.cn/,WARNING0,,,
南京大学金陵学院图书馆官网 | http://lib.jlxy.nju.edu.cn,http://lib.jlxy.nju.edu.cn/,WARNING0,,,
南京大学新闻网,http://news.nju.edu.cn/,WARNING0,,,
南京大学文学院,http://chin.nju.edu.cn/,WARNING0,,,
南京大学EMBA教育中心,http://emba.nju.edu.cn/,WARNING0,,,
南京大学 - 研究生学籍与教学管理系统,http://pyb.nju.edu.cn/,WARNING0,,,
南京大学数学系,http://math.nju.edu.cn/,WARNING0,,,
计算机软件新技术国家重点实验室,http://keysoftlab.nju.edu.cn/,WARNING0,,,
南大法学院,http://law.nju.edu.cn/,WARNING0,,,
地科系,http://es.nju.edu.cn/,WARNING0,,,
南京大学基础学科拔尖计划,http://elite.nju.edu.cn/,WARNING0,,,
首页| 社会科学处,http://skch.nju.edu.cn/,WARNING0,,,
高校地质学报,http://geology.nju.edu.cn/CN/volumn/home.shtml,WARNING0,,,
南京大学天文与空间科学学院,http://astronomy.nju.edu.cn/,WARNING0,,,
人力资源处,http://hr.nju.edu.cn/,WARNING0,,,
组织部,http://zzb.nju.edu.cn/,WARNING0,,,
南京大学中国社会科学研究评价中心,http://cssrac.nju.edu.cn/index.html,WARNING0,,,
南京大学现代分析中心,http://cma.nju.edu.cn/,WARNING0,,,
南京大学体育部-团结 奋进 创新 育人 | http://tyb.nju.edu.cn,http://tyb.nju.edu.cn/,WARNING0,,,
南京大学-科学技术处,http://scit.nju.edu.cn/,WARNING0,,,
南京大学医学院,http://med.nju.edu.cn/,WARNING0,,,
HuiWei's Lab,http://weilab.nju.edu.cn/,WARNING0,,,
Prof. Genxi Li's Lab -- Home,http://genxililab.nju.edu.cn/,WARNING0,ERROR0,,
COSEC,http://cosec.nju.edu.cn/,WARNING0,,,
现代逻辑与逻辑应用研究所,http://logic.nju.edu.cn/,WARNING0,,,
南京大学金陵学院招生网,http://zsw.jlxy.nju.edu.cn/,WARNING0,,,
DIStributed Computing LABoratory,http://dislab.nju.edu.cn/,WARNING0,,,
南大环境学院网,http://hjxy.nju.edu.cn/,WARNING0,,,
网络信息中心,http://nic.nju.edu.cn/,WARNING0,,,
光通信工程研究中心,https://ocer.nju.edu.cn/,,,,
南京大学信息管理学院,http://im.nju.edu.cn/,WARNING0,,,
PLD Lab,http://pld.nju.edu.cn/cgi-bin/mydate.cgi,WARNING0,,,
南京大学教师教学发展中心,http://ctl.nju.edu.cn/,WARNING0,,,
南京大学匡亚明学院,http://dii.nju.edu.cn/,WARNING0,,,
南京大学政府管理学院,http://public.nju.edu.cn/,WARNING0,,,
南京大学内生金属矿床成矿机制研究国家重点实验室,http://lamd.nju.edu.cn/,WARNING0,,,
南京大学-SPOC官方网站,http://study.nju.edu.cn/home/index.mooc,WARNING0,,,
南京大学 | 教育技术中心 | 首页,http://cet.nju.edu.cn/,WARNING0,,,
美术研究院,https://yjy.nju.edu.cn/,,,,
TCS @ NJU,http://tcs.nju.edu.cn/,WARNING0,,,
南京大学金陵学院商学院,http://sy.jlxy.nju.edu.cn/,WARNING0,,,
登录- 课立方 - 南京大学,http://mooc.nju.edu.cn/Home/User/login.html,WARNING0,,,
大学外语部,https://dafls.nju.edu.cn/,,,,
外国语学院,http://sfs.nju.edu.cn/,WARNING0,,,
南京大学金陵学院信息科学与工程学院,http://ise.jlxy.nju.edu.cn/,WARNING0,,,
南京大学MPA,http://mpa.nju.edu.cn/,WARNING0,,,
南京大学 离退休工作处,http://ltx.nju.edu.cn/,WARNING0,,,
MaLab,http://qoqi.nju.edu.cn/,WARNING0,,,
江苏省高等学校数字图书馆_JALIS,https://www.jalis.nju.edu.cn/,,,,
Gattaca lab,http://gattaca.nju.edu.cn/,WARNING0,,,
精品课程,http://elearning.nju.edu.cn/,WARNING0,ERROR0,,
南京大学国际地球系统科学研究所,https://essi.nju.edu.cn/,,,,
南京大学艺术研究院,http://artint.nju.edu.cn/,WARNING0,,,
中国高等教育学会档案工作分会--http://zgd.nju.edu.cn,http://zgd.nju.edu.cn/,WARNING0,,,
南京大学学衡研究院,http://xueheng.nju.edu.cn/,WARNING0,,,
江苏汇文软件有限公司,http://libsys2000.nju.edu.cn/,WARNING0,,,
首页BioMed Laboratory,http://jfzhang.nju.edu.cn/,WARNING0,,,
南京大学继续教育学院 - powered by whatycms,http://ces.nju.edu.cn/cms/,WARNING0,,,
南京大学IIP,http://iip.nju.edu.cn/index.php/%E9%A6%96%E9%A1%B5,WARNING0,,,
主页- LAMDA,http://lamda.nju.edu.cn/CH.MainPage.ashx,WARNING0,,,
原子团簇与纳米科学研究室 Guanghou Wang group,https://cluster.nju.edu.cn/,,,,
欢迎访问纳光子实验室,http://npl.nju.edu.cn/,WARNING0,,,
Lab of Mesoscopic Physics and Quantum Devices,http://nano.nju.edu.cn/,WARNING0,,,
党委办公室,http://dwbgs.nju.edu.cn/,WARNING0,,,
中美文化研究中心,http://hnchome.nju.edu.cn/,WARNING0,,,
建筑与城市规划学院,http://arch.nju.edu.cn/,WARNING0,,,
资产经营有限公司,http://ndzcgs.nju.edu.cn/,WARNING0,,,
南京大学国际合作与交流处 学生交流科,http://stuex.nju.edu.cn/,WARNING0,,,
南京大学声学研究所,http://acoustics.nju.edu.cn/,WARNING0,,,
南京大学纳米磁性科研组,http://nanomag.nju.edu.cn/,WARNING0,,,
南京大学-微纳光学与超快光学实验室,http://optics.nju.edu.cn/,WARNING0,,,
首页- 南京大学金陵学院学工处官网|xsgz.jlxy.nju.edu.cn,http://xsgz.jlxy.nju.edu.cn/,WARNING0,,,
江苏省高校图书情报工作委员会,https://jstgw.nju.edu.cn/,,,,
计算机系本科生开放日,http://csopenday.nju.edu.cn/,WARNING0,,,
主页—南京大学PASA大数据技术实验室,http://pasa-bigdata.nju.edu.cn/,WARNING0,,,
Neutron Scattering Group,http://neus.nju.edu.cn/,WARNING0,,,
南京大学信息化建设与管理办公室,http://oi.nju.edu.cn/,WARNING0,,,
南京大学理论与计算化学研究所,http://itcc.nju.edu.cn/zh/,WARNING0,,,
南京大学化学实验教学中心,http://chemlabs.nju.edu.cn/,WARNING0,,,
南京大学中尺度动力学与台风研究团队 | Mesoscale Dynamics and ...,http://meso.nju.edu.cn/web/,WARNING0,ERROR0,,
南京大学-介电体超晶格实验室,http://slab.nju.edu.cn/,WARNING0,,,
MPAcc,http://mpacc.nju.edu.cn/,WARNING0,,,
首页- 南大戏剧影视艺术系,http://thea.nju.edu.cn/,WARNING0,,,
南京大学网络教育学院,http://de.nju.edu.cn/,WARNING0,,,
Welcome,http://ldm.nju.edu.cn/,WARNING0,,,
南京大学统一战线网站,http://tzb.nju.edu.cn/,WARNING0,,,
首页- 南京大学金陵学院总务处官网|zwc.jlxy.nju.edu.cn,http://www.baidu.com/link?url=MXrB9j3M9Lz4UkVscPzqpfM6Oe-f1hUvg4pScdvSFGtlWUydDH3ZeuY7M68_xoy9&wd=&eqid=8eb053310000a998000000065c235368,WARNING0,ERROR0,ERROR1,
南京大学生科院实验中心——csv-parse,http://biolab.nju.edu.cn/,WARNING0,,,
区域与城市空气质量和灰霾天气预报系统,http://aerc.nju.edu.cn/,WARNING0,,,
MBA,http://mba.nju.edu.cn/,WARNING0,,,
海外教育学院,http://hwxy.nju.edu.cn/,WARNING0,,,
马克思主义学院,http://marxism.nju.edu.cn/,WARNING0,,,
南京大学超导物理和材料研究中心,http://sc.nju.edu.cn/,WARNING0,,,
Plweb,http://www.baidu.com/link?url=IhzCfx1BVAuem5vHsY-TsaPfXLCXqq0O7bbTTCQE09u&wd=&eqid=deb78cfe0000a2f7000000065c2353d6,WARNING0,ERROR0,ERROR1,
Junos Pulse Secure Access Service,https://vpn.nju.edu.cn/dana-na/auth/url_default/welcome.cgi,,,,
宽禁带半导体器件与微纳光电实验室,http://iiiv.nju.edu.cn/,WARNING0,,,
南京大学金陵学院城市与土木工程学院,http://cz.jlxy.nju.edu.cn/,WARNING0,,,
首页- 南京大学金陵学院化学与生命科学学院官网|scls.jlxy.nju...,http://www.baidu.com/link?url=a3O_lHlRiNg9uSgfWL_tuOaOczJdXiGN50BeazOi82kjejS82Y8b30q49Nc8KpMh&wd=&eqid=deb78cfe0000a2f7000000065c2353d6,WARNING0,ERROR0,ERROR1,
南京大学技术转移中心,https://ttc.nju.edu.cn/,,,,
南京大学中华文化研究院,https://zhwh.nju.edu.cn/,,,,
中国社会科学引文索引---首页,http://cssci.nju.edu.cn/,WARNING0,,,
大学外语综合技能训练中心,http://eol.nju.edu.cn/,WARNING0,,,
计算机科学与技术实验教学中心,http://cslab.nju.edu.cn/,WARNING0,,,
南京大学化学化工学院中级化学实验室,http://www.baidu.com/link?url=AhzA7vvQf8_frR4bK-Kcu4P12shZ_X4DBkt_D1HtlTkJUKIjLyICfHeqbObPUtuR&wd=&eqid=9766008e0000c2e6000000065c235443,WARNING0,ERROR0,ERROR1,
南京大学高分子科学与工程系,http://polymer.nju.edu.cn/,WARNING0,,,
南京大学档案馆-Nanjing University Archives,https://dawww.nju.edu.cn/,,,,
南京大学金陵学院人事处,http://rsc.jlxy.nju.edu.cn/,WARNING0,,,
亚太发展研究中心,http://capds.nju.edu.cn/,WARNING0,,,
基建处,https://jjc.nju.edu.cn/,,,,
外国语学院,http://sfs.nju.edu.cn/,WARNING0,,,
创新创业与成果转化工作办公室,http://ndsc.nju.edu.cn/,WARNING0,,,
南京大学介电体超晶格实验室(DSL)网站,http://dsl.nju.edu.cn/,WARNING0,,,
Jia Zhu Group,https://nanoenergy.nju.edu.cn/,,,,
南京大学金陵学院艺术学院,http://ysxy.jlxy.nju.edu.cn/,WARNING0,,,
招标办,http://ndzbb.nju.edu.cn/,WARNING0,,,
南大就业首页,http://job.nju.edu.cn/,WARNING0,,,
南京大学人才招聘网,http://rczp.nju.edu.cn/,WARNING0,,,
人武部,https://rwb.nju.edu.cn/,,,,
Nanjing University - Online Service Platform for ...,http://istudy.nju.edu.cn/,WARNING0,ERROR0,,
本科招生网,http://bkzs.nju.edu.cn/,WARNING0,,,
Huigang Zhang Research Group - Nanjing University,http://ulab.nju.edu.cn/,WARNING0,,,
CITE,http://cite.nju.edu.cn/,WARNING0,,,
南京大学学生综合服务平台登录,http://xsgl.nju.edu.cn/,WARNING0,,,
南京大学商学院—首页--创造商学新知、拓展学生才能、引领社会未来,http://njubs.nju.edu.cn/,WARNING0,,,
The 5th International Conference on Frontiers of Plasmonics,http://fop5.nju.edu.cn/,WARNING0,,,
环境与能源再生研究中心,https://ererc.nju.edu.cn/,,,,
江伟南京大学 (Wei Jiang Nanjing University),https://jianglab.nju.edu.cn/,,,,
MCG@NJU 南京大学媒体计算研究组,http://mcg.nju.edu.cn/,WARNING0,,,
功能生物分子研究所,http://ifb.nju.edu.cn/,WARNING0,,,
首页,http://microfab.nju.edu.cn/,WARNING0,,,
南京大学在线支付平台,http://pay.nju.edu.cn/,WARNING0,,,
南京大学生物物理研究所 首页,http://biophy.nju.edu.cn/,WARNING0,,,
学科建设与发展规划办公室,http://xkb.nju.edu.cn/,WARNING0,,,
南京大学统一身份认证服务,http://cer.nju.edu.cn/amserver/UI/Login?goto=http%3A%2F%2Fvolunteer.nju.edu.cn%3A80%2F,WARNING0,,,
财务处,http://ndcwc.nju.edu.cn/main.psp,WARNING0,,,
生物地球化学与环境修复团队,https://malab.nju.edu.cn/,,,,
仁来仁网,http://rlrw.nju.edu.cn/,WARNING0,,,
地球科学实验教学中心,https://geolab.nju.edu.cn/,,,,
南京大学中国智库研究与评价中心,http://ctti.nju.edu.cn/index.html,WARNING0,,,
汪霞教授研究团队南京大学教育研究院,http://eduwx.nju.edu.cn/,WARNING0,,,
cx.nju.edu.cn/,http://cx.nju.edu.cn/widgets/login/?from_url=http%3A%2F%2Fcx.nju.edu.cn%2F,WARNING0,ERROR0,,
原子制造与量子器件,https://song.nju.edu.cn/old/,,,,
南京大学统一身份认证,https://cas.nju.edu.cn/cas/login?service=http%3A%2F%2Fdata.nju.edu.cn%3A80%2Fidc%2F,,,,
登录- Nanjing University Box,https://box.nju.edu.cn/accounts/login/?next=/,,,,
欢迎来到化学化工学院教师个人主页,http://hysz.nju.edu.cn/,WARNING0,,,
首页- 南京大学化学化工学院学生工作网,http://chemosa.nju.edu.cn/,WARNING0,,,
南京大学图书馆v5.6书目检索系统,http://opac.nju.edu.cn/opac/search_adv.php#/index,WARNING0,,,
系统提示,http://admission.nju.edu.cn/,WARNING0,,,
南京大学金陵学院党政办公室,http://www.baidu.com/link?url=g-Py8Kob1HRWMHI6NKL_k118rJSToFiixUMLKhnaCe6tKO5z0KbbHbXhWpe_Zwh6&wd=&eqid=853c7be00000ef97000000065c235668,WARNING0,,ERROR1,
南京大学计算机系本科教学支撑平台,http://cslabcms.nju.edu.cn/,WARNING0,,,
Welcome to nginx!,http://jisq.nju.edu.cn/,WARNING0,,,
和典学堂,http://e.nju.edu.cn/,WARNING0,,,
南京大学校史博物馆,https://historymuseum.nju.edu.cn/,,,,
于涵洋课题组-南京大学现代工程与应用科学学院,http://yulab.nju.edu.cn/,WARNING0,,,
海岸与海岛开发教育部重点实验室,http://coastlab.nju.edu.cn/,WARNING0,,,
中国思想家研究中心,http://sxsyj.nju.edu.cn/,WARNING0,,,
careers.nju.edu.cn/,http://careers.nju.edu.cn/portal/browerTips.html,WARNING0,ERROR0,,
南京大学软件工程实验教学中心,http://labse.nju.edu.cn/,WARNING0,,,
fab.nju.edu.cn/,http://fab.nju.edu.cn/,WARNING0,,,
南京大学盐城电子商务研究院,http://ieb.nju.edu.cn/,WARNING0,,,
Home - Gao Group at NJU,http://cvd.nju.edu.cn/,WARNING0,,,
南京大学报,http://www.baidu.com/link?url=1vEZ0r1aOFRVcYRx0E5CBgfCnSihLSj_gExEpk1KA9S8WoVHzPjpcBBbyzOS1bHy&wd=&eqid=c4c7a3fc0000d857000000065c2356d6,WARNING0,ERROR0,ERROR1,
南京大学社会学院,http://sociology.nju.edu.cn/index.html,WARNING0,,,
配位化学国家重点实验室仪器预约管理平台,https://sklccinst.nju.edu.cn/Home/Login,,,,
江苏省高校图书馆事业发展统计与决策服务系统,http://ssk.jalis.nju.edu.cn/,WARNING0,,,
SEG,http://seg.nju.edu.cn/index.action,WARNING0,,,
首页,https://cicam.nju.edu.cn/zh/,,,,
Wei Hu's Homepage - Websoft Research Group,http://ws.nju.edu.cn/~whu,WARNING0,,,
审计处,http://sjc.nju.edu.cn/,WARNING0,,,
欢迎Welcome,http://plab.nju.edu.cn/,WARNING0,,,
南京大学金陵学院党群工作部,http://dqgzb.jlxy.nju.edu.cn/,WARNING0,,,
南京大学金陵学院后勤服务中心,http://hq.jlxy.nju.edu.cn/,WARNING0,,,
登录-南京大学商学院MBA招生系统,http://njuebs.nju.edu.cn/,WARNING0,,,
首页- 化学化工学院公共仪器中心智慧实验室管理系统,http://sic.nju.edu.cn/usample/index?url=http%3A%2F%2Fsic.nju.edu.cn%2F,WARNING0,ERROR0,,
江苏南大出国留学服务中心,http://ossc.nju.edu.cn/,WARNING0,,,
南京大学老年大学,http://lndx.nju.edu.cn/,WARNING0,,,
Nanjing University Open Source Mirror Site,http://mirrors.nju.edu.cn/,WARNING0,,,
长三角经济社会发展研究中心,https://cyd.nju.edu.cn/,,,,
Sun[tm] ONE Web Server Enterprise Edition 6.1,http://cer.nju.edu.cn/,WARNING0,,,
carbon.nju.edu.cn/,http://carbon.nju.edu.cn/,WARNING0,ERROR0,,
南京大学基础学科论坛论文投稿及评审管理系统123,http://scholar.nju.edu.cn/,WARNING0,,,
南京大学艺术学院,http://art.nju.edu.cn/,WARNING0,,,
南京大学招标办公室 - 首页,http://zb.nju.edu.cn/,WARNING0,,,
南京大学环境纳米技术研究中心,https://recent.nju.edu.cn/,,,,
犹太和以色列研究所,https://judaic.nju.edu.cn/,,,,
创新创业学院,http://innovation-entrepreneurship.nju.edu.cn/,WARNING0,,,
南京大学-实验教学与实验室管理系统,http://www.baidu.com/link?url=eKeTVrnFgrYCuXjpvqSeb3t3wIHBCsmcry7-gBsPUWMCPn4JJ80SXlgyVZmhbhzt&wd=&eqid=f5baf5cc0000ea31000000065c2357b2,WARNING0,ERROR0,ERROR1,
EDP,http://edp.nju.edu.cn/,WARNING0,,,
Institute of Computer Software,http://moon.nju.edu.cn/,WARNING0,ERROR0,,
LiXiang's Blog – 记录工作生活的点滴,https://molab.nju.edu.cn/,,,,
首页- 南大青年,https://tuanwei.nju.edu.cn/,,,,
南京大学心理健康教育与研究中心,http://www.baidu.com/link?url=IlM6s_uR1Nv_LoSk_kLOraFe_mIj92vIu8Mv916OBX4fYtNiOWELMwodyaMs352c&wd=&eqid=fed90f970001012b000000065c23581f,WARNING0,ERROR0,ERROR1,
李喆课题组-南京大学现代工程与应用科学学院,http://www.baidu.com/link?url=qJNTZ_NAqliH7NXuMp7YYsPBgy_TdWkzY8J9XZ_1B62taNAxG3utGzSmx3ZeEH3N&wd=&eqid=fed90f970001012b000000065c23581f,WARNING0,ERROR0,ERROR1,
数字博览馆,http://cdem.nju.edu.cn/,WARNING0,,,
南京大学数字化教学资源库,http://tres.nju.edu.cn/dltr/default.htm,WARNING0,,,
首页,https://crystal.nju.edu.cn/,,,,
南京大学生命科学学院—csv-parse,http://njulife.nju.edu.cn/,WARNING0,,,
南京大学-液晶与微纳光学研究组,http://light.nju.edu.cn/,WARNING0,,,
南京大学金陵学院传媒学院,http://cm.jlxy.nju.edu.cn/,WARNING0,,,
南京大学金陵学院基础教研部,http://www.baidu.com/link?url=rrBrux5Ph2KCH34K_QNc7oDwIukc3Dkd8mZOsAyrOg4m6J_uM59myzfznvfNzKwa&wd=&eqid=dd7e969a000127d7000000065c23588d,WARNING0,ERROR0,ERROR1,
南京大学环境科学与工程实验教学中心,http://hjsyjx.nju.edu.cn/,WARNING0,,,
2017全国建筑院系建筑数字技术教学研讨会+DADA2017数字建筑国际...,http://caad2017.nju.edu.cn/,WARNING0,ERROR0,,
南京大学庐山地区地理学野外实习,http://lssx.nju.edu.cn/,WARNING0,,,
南京大学化学化工学院化学楼门禁自助管理服务平台,https://chemoa.nju.edu.cn/Home/Login,,,,
南京大学人文地理研究中心,http://hugeo.nju.edu.cn/,WARNING0,,,
中国-北欧文化中心,http://cncc.nju.edu.cn/,WARNING0,,,
南京大学中文学术出版物评测发布系统,http://csscipc.nju.edu.cn/,WARNING0,,,
6月11日 南洋理工大学刘正教授学术报告:Explore the land scape ...,https://vlssm.nju.edu.cn/v10/item.aspx?1001875,,ERROR0,,
南京大学国际工商管理教育中心-首页,http://sdibc.nju.edu.cn/,WARNING0,,,
南京大学纪检监察网,http://jwb.nju.edu.cn/,WARNING0,,,
南京大学金陵学院智慧云服务平台,http://portals.jlxy.nju.edu.cn/ecms/f/szzhjy/platform/index,WARNING0,,,
南京大学双语词典研究中心,http://bdrc.nju.edu.cn/,WARNING0,,,
南京大学 – 电子信息专业国家级实验教学示范中心,http://eelab.nju.edu.cn/,WARNING0,,,
首页,https://lbgm.nju.edu.cn/zh-CN/,,,,
南京大学环境学院潘丙才教授课题组 - 课题组公告,http://pangroup.nju.edu.cn/display_notice.asp?id=730,WARNING0,,,
欢迎访问南京大学就业信息网,http://career.nju.edu.cn:9081/,WARNING0,,,
南京论坛,http://nanjingforum.nju.edu.cn/,WARNING0,,,
南大学报-哲学?#20154;文科学?#31038;会科学,http://www.baidu.com/link?url=FOW748tcwqRSB53wmAUMsJTql3KRZF0ILJVjCes-Rj0JM79MaX8Ltl5cQPVokPGU&wd=&eqid=865fcb8d000105ea000000065c2358fb,WARNING0,ERROR0,ERROR1,
南京大学电子邮件系统,https://mail.nju.edu.cn/,,,,
就业网,https://webwap.nju.edu.cn/,,,,
用户登录,http://nmrchem.nju.edu.cn/index.do,WARNING0,,,
江苏省高校通用借书证_江苏省高等教育数字图书馆区域流通管理系统...,http://tyz.jalis.nju.edu.cn/,WARNING0,ERROR0,,
南京大学生命科学学院公共服务平台—公共服务,http://biosci.nju.edu.cn/,WARNING0,,,
国际会议网站,https://conference.nju.edu.cn/,,,,
南京大学·大学计算机基础教学部 – Department of University ...,http://cc.nju.edu.cn/,WARNING0,ERROR0,,
张鸿雁、顾华明主编的《世界城市研究精品译丛》即将出版,https://ius.nju.edu.cn/e2/5e/c9772a189022/page.htm,,,,
南大缴费系统,http://net.nju.edu.cn/,WARNING0,,,
vpn2.nju.edu.cn/,https://cas.nju.edu.cn/cas/login?service=https%3A%2F%2Fvpn2.nju.edu.cn%2Fpor%2Fcas_sso.csp%3Fmode%3Dbs,,ERROR0,,
登入,http://microfabinstr.nju.edu.cn/,WARNING0,,,
南京大学试剂管理系统,http://reagent.nju.edu.cn/labmai/home/#/,WARNING0,,,
《物理实验》杂志_国家级期刊_期刊点评,https://vpn2.nju.edu.cn/?redirect_uri=http%3A%2F%2Fwww-fabiao-com-s.vpn2.nju.edu.cn%2Fwlsy%2F&cas_uri=https%3A%2F%2Fwww.fabiao.com%2Fwlsy%2F,,ERROR0,,
登录,http://xggl.nju.edu.cn/epstar/login/index.jsp,WARNING0,,,
南京大学人才培训交流中心,http://jshr.nju.edu.cn/,WARNING0,,,
南京大学国家级传媒实验教学示范中心 – National Demonstration ...,http://media.nju.edu.cn/,WARNING0,ERROR0,,
优秀大学生化学夏令营,http://hxxly.nju.edu.cn/,WARNING0,,,
江苏省高校数字图书馆-JALIS-科技查新服务平台-首页,http://kjcx.jalis.nju.edu.cn/index.php/Home/Desk/index.html,WARNING0,,,
六朝医家徐氏考辨——以墓志为主要材料_爱学术,https://cas.nju.edu.cn/cas/login?service=https%3A%2F%2Fvpn2.nju.edu.cn%2Fpor%2Fcas_sso.csp%3Fmode%3Dbs%26redirect%3Dhttps%253A%252F%252Fwww.ixueshu.com%252Fdocument%252Fcd27058736887347318947a18e7f9386.html,,ERROR0,,
登录,http://xggl.nju.edu.cn/epstar/login/index.jsp,WARNING0,,,
access.nju.edu.cn/,https://access.nju.edu.cn/,,,,
鲍德里亚,http://ptext.nju.edu.cn/13346/list.htm,WARNING0,,,
维普期刊资源整合服务平台(V6.5),http://vip.jalis.nju.edu.cn/,WARNING0,ERROR0,,
数字校园统一身份认证 - 用户登录,http://p.jlxy.nju.edu.cn/cas/login,WARNING0,,,
南京大学职业咨询室预约平台,http://careercounselling.nju.edu.cn/,WARNING0,,,
南京大学新闻网,http://news.nju.edu.cn/,WARNING0,,,
南京大学新闻传播学院,http://jc.nju.edu.cn/,WARNING0,,,
南京大学数学系,http://maths.nju.edu.cn/,WARNING0,,,
NANJING UNIVERSITY,https://www.nju.edu.cn/EN/,,ERROR0,,
南京大学体育部-团结 奋进 创新 育人 | http://tyb.nju.edu.cn,http://tyb.nju.edu.cn/,WARNING0,,,
南京大学环境学院潘丙才教授课题组,http://pangroup.nju.edu.cn/,WARNING0,,,
江苏省高校图书情报工作委员会,https://jstgw.nju.edu.cn/,,,,
COSEC,http://cosec.nju.edu.cn/,WARNING0,,,
南京大学地科院学工园地,http://es.nju.edu.cn/xgw/,WARNING0,,,
Lijun Zhang (张利军) - Lijun Zhang's NJU Homepage,https://cs.nju.edu.cn/zlj/,,ERROR0,,
EtoneWiki,http://tcs.nju.edu.cn/wiki/index.php/Main_Page,WARNING0,,,
NANJING UNIVERSITY,http://www.baidu.com/link?url=nB_C6HvME8RxoE6yMOOZNQoA27wLjrobkssph2bFyuZXlWk36XCRsg1ckXwBXvRp&wd=&eqid=e9677a48000027de000000065c235ab2,WARNING0,ERROR0,ERROR1,
Wei LI, Chemistry, Nanjing University,http://itcc.nju.edu.cn/~liwei/,WARNING0,,,
Dr. Chuanyi Li,http://software.nju.edu.cn/lcy/,WARNING0,,,
中国社会科学引文索引---首页,http://cssci.nju.edu.cn/,WARNING0,,,
硕士研究生招生,http://grawww.nju.edu.cn/912/list.htm,WARNING0,,,
从马尔可夫链到PageRank再到RWR – Websoft技术经验分享,http://ws.nju.edu.cn/blog/2017/11/markov_chain_pagerank_rwr/,WARNING0,,,
物业管理中心,http://hqjt.nju.edu.cn/ldwygl/,WARNING0,,,
南京大学在线报名系统,http://chin.nju.edu.cn/ndxt/index.htm,WARNING0,,,
央视《百家讲坛》吕建校长、徐新校友、毕飞宇教授用南大故事诠释...,http://xgc.nju.edu.cn/88/30/c1817a297008/page.htm,WARNING0,ERROR0,,
南京大学物理学院 - Pt和Pd中自旋霍尔角和自旋扩散长度的自洽测量,https://physics.nju.edu.cn/2018-7/160004_251714.html,,ERROR0,,
卢明辉,https://lbgm.nju.edu.cn/zh-CN/%E7%A0%94%E7%A9%B6%E5%9B%A2%E9%98%9F/159-%E5%8D%A2%E6%98%8E%E8%BE%89,,,,
我院魏辉课题组在纳米酶研究领域取得新进展,http://eng.nju.edu.cn/7f/28/c4967a229160/page.htm,WARNING0,,,
南京大学信息管理学院,http://im.nju.edu.cn/teacherinfo.do?mid=4&mmid=7ddbacf0-2a46-11e5-8e21-002454d0cc1b&tid=44cf84b1-fa6b-11e6-8b8d-40a8f01ece83,WARNING0,,,
【PDF】学 生 手 册,http://im.nju.edu.cn/teacherinfo.do?mid=4&mmid=7ddbacf0-2a46-11e5-8e21-002454d0cc1b&tid=44cf84b1-fa6b-11e6-8b8d-40a8f01ece83,,,,ERROR2
南京大学统一自助服务平台上线!在职、收入等证明“一站式”服务!,https://hr.nju.edu.cn/22/9c/c6676a271004/page.htm,,,,
被解放了的“赵氏孤儿” - 南大戏剧影视艺术系,http://thea.nju.edu.cn/article/123,WARNING0,,,
学籍管理办法,https://xxgk.nju.edu.cn/152/list.htm,,,,
hospital.nju.edu.cn:8080/,http://hospital.nju.edu.cn:8080/RegWeb/login/,WARNING0,ERROR0,,
配位化学国家重点实验室,http://sklcc.nju.edu.cn/showfacu.asp?id=60,WARNING0,,,
虚拟现实技术研讨班邀请函,https://rlrw.nju.edu.cn/66/d2/c4451a91858/page.htm,,,,
南大一隅|文学院图书馆:书画琴棋诗酒花,https://bkzs.nju.edu.cn/9e/ef/c4540a171759/page.htm,,ERROR0,,
第五届中国人力资源管理论坛顺利召开,http://nubs.nju.edu.cn/c5/72/c8895a181618/page.htm,WARNING0,ERROR0,,
南京大学发展与校友工作会议暨年度表彰大会召开,http://njuedf.nju.edu.cn/06/f0/c3590a198384/page.htm,WARNING0,,,
MLA'18 - The 16th China Symposium on Machine Learning and ...,http://lamda.nju.edu.cn/conf/mla18/index.html,WARNING0,ERROR0,,
大学化学实验网络CAI,http://chemlabs.nju.edu.cn/lab/,WARNING0,,,
生命分析化学国家重点实验室,http://sklac.nju.edu.cn/yjxm.aspx,WARNING0,,,
首页——南京大学艺术研究院,http://artint.nju.edu.cn/newdetail.aspx?newsno=389&newstype=1,WARNING0,,,
专访“互联网+”大赛季军得主王鹏:从本征方程到先磁新材料,https://ndsc.nju.edu.cn/69/e1/c11250a223713/page.htm,,ERROR0,,
固定IP,https://nic.nju.edu.cn/9136/list.htm,,,,
法学院网络课堂 - 南京大学法学院 - Powered By EduSoho,http://law.nju.edu.cn:8082/,WARNING0,,,
南京大学专利办理相关程序,http://ttc.nju.edu.cn/f3/cc/c9953a193484/page.htm,WARNING0,,,
美国美利坚大学赵全胜教授来中心演讲、并做学术交流,http://nanhai.nju.edu.cn/39/c9/c5327a211401/page.htm,WARNING0,,,
概念史 - 南京大学学衡研究院,http://xueheng.nju.edu.cn/list.php?fid=13,WARNING0,,,
南京大学图书馆新生指南,http://lib.nju.edu.cn/freshguides.html#40381,WARNING0,,,
单位领导 - 单位领导 - 南京大学房地产管理处,http://fcc.nju.edu.cn/category/mechanism0,WARNING0,,,
社会实践 - 南大青年,https://tuanwei.nju.edu.cn/sjyr/shsj,,,,
【招聘信息】深圳市坪山区规划国土事务中心,http://arch.nju.edu.cn/7d/44/c1118a228676/page.htm,WARNING0,,,
关于印发《南京大学公务接待费用报销实施细则》的通知,https://sjc.nju.edu.cn/b5/82/c1348a46466/page.htm,,,,
南京大学生科院2018博士申请-考核成绩公示,https://life.nju.edu.cn/e9/95/c12942a256405/page.htm,,,,
虞文魁,http://med.nju.edu.cn/2c/cd/c10884a208077/page.htm,WARNING0,,,
关于做好2019年国际会议预报和管理工作的通知,http://wb.nju.edu.cn/8c/e0/c4159a298208/page.htm,WARNING0,,,
南京大学国有资产管理处,http://jfx.nju.edu.cn/institutionalsettings.aspx,WARNING0,,,
ZB2018HW070南京大学学生宿舍管理系统采购竞争性磋商公告,http://ndzbb.nju.edu.cn/26/16/c316a271894/page.htm,WARNING0,,,
侯文华教授课题组,http://hysz.nju.edu.cn/wenhuahou/professor.htm,WARNING0,,,
关于申报 2018 年度江苏省科技厅各类项目的通知,http://scit.nju.edu.cn/9d/c7/c10916a236999/page.htm,WARNING0,,,
郭广银,http://philo.nju.edu.cn/f3/c5/c4712a127941/page.htm,WARNING0,,,
组织部,http://zzb.nju.edu.cn/#,WARNING0,,,
中国-北欧文化中心,http://cncc.nju.edu.cn/show.php?id=104&cid=8,WARNING0,,,
南京大学国际工商管理教育中心-首页,http://sdibc.nju.edu.cn/,WARNING0,,,
江苏省社科基金结项 | 社会科学处,http://skch.nju.edu.cn/workflow/656931073,WARNING0,ERROR0,,
IBE150离子束刻蚀,http://microfab.nju.edu.cn/%E4%BB%AA%E5%99%A8%E8%AE%BE%E5%A4%87/ibe150%E7%A6%BB%E5%AD%90%E6%9D%9F%E5%88%BB%E8%9A%80,WARNING0,,,
居俊-南京大学政府管理学院,http://public.nju.edu.cn/1270/52/3/news.html,WARNING0,,,
邢宝山_南大环境学院网,http://hjxy.nju.edu.cn/szdw/cyjs/2014/1215/211.html,WARNING0,,,
远程教育动态 - 南京大学网络教育学院,http://de.nju.edu.cn/s_dist.asp?id=4990786E02&r_id=b_YCJYDT&type=a,WARNING0,ERROR0,,
我院徐志伟博士等在高影响因子学术期刊发表论文 揭示毛乌素沙地近...,https://sgos.nju.edu.cn/a4/f9/c8416a238841/page.htm,,ERROR0,,
欢迎访问南京大学介电体超晶格实验室主页 http://dsl.nju.edu.cn/,http://dsl.nju.edu.cn/dslweb/people.html,WARNING0,,,
知名企业家沈阳做客南大众创空间 谈十年创业心路,http://sme.nju.edu.cn/93/70/c2033a168816/page.htm,WARNING0,,,
数据| 似水年华流走 香港老龄化 – 南京大学国家级传媒实验教学...,http://media.nju.edu.cn/?p=1652,WARNING0,ERROR0,,
2018商学院总结大会召开-院系新闻-南京大学金陵学院商学院,http://sy.jlxy.nju.edu.cn/index.php?c=article&id=958,WARNING0,,,
化学生物学学科Journal Club学术沙龙 - 南京大学化学化工学院,http://chem.nju.edu.cn/showga.asp?id=2368,WARNING0,ERROR0,,
张旭苹教授当选中国侨联特聘专家委员会委员,http://ocer.nju.edu.cn/ad/36/c4774a306486/page.htm,WARNING0,,,
【研会】南京大学研究生会、山东大学研究生会工作交流会顺利举行 ...,https://go.nju.edu.cn/article/10466-2018-12-25-12-46-21.html,,ERROR0,,
南京大学招标办公室 - 学校规章制度,http://zb.nju.edu.cn/xuexgzzd/31106.jhtml,WARNING0,,,
【推荐名单】18年度null2018年暑期赴哈佛大学短期研修项目推荐...,http://elite.nju.edu.cn/exchangesystem/notice?fpnid=3096,WARNING0,ERROR0,,
水库调度论文10篇_发表之家,https://cas.nju.edu.cn/cas/login?service=https%3A%2F%2Fvpn2.nju.edu.cn%2Fpor%2Fcas_sso.csp%3Fmode%3Dbs%26redirect%3Dhttps%253A%252F%252Fwww.fabiao.com%252Flunwen%252Fshuikudiaodu,,ERROR0,,
查尔酮异构酶基因的克隆序列分析及在大肠杆菌中的表达_爱学术,https://cas.nju.edu.cn/cas/login?service=https%3A%2F%2Fvpn2.nju.edu.cn%2Fpor%2Fcas_sso.csp%3Fmode%3Dbs%26redirect%3Dhttps%253A%252F%252Fwww.ixueshu.com%252Fdocument%252F478fc372d4737fde318947a18e7f9386.html,,ERROR0,,
南京大学校史博物馆,https://historymuseum.nju.edu.cn/default.asp,,,,
南京大学金陵学院人事处,http://rsc.jlxy.nju.edu.cn/view.aspx?t=recruit&id=jobs&vid=3167,WARNING0,,,
卢德之博士南京大学兼职教授聘任仪式暨学术报告会顺利举行,http://charity.nju.edu.cn/ad/5e/c835a306526/page.htm,WARNING0,,,
2015年春季学期第13号通知:2013级硕士生开题报告会_通知_汪霞教授...,http://eduwx.nju.edu.cn/news/?1586.html,WARNING0,ERROR0,,
中央纪委常委会召开会议 学习贯彻习近平总书记在庆祝改革开放40...,http://jwb.nju.edu.cn/ad/0b/c8318a306443/page.htm,WARNING0,ERROR0,,
仙林地区水环境治理工作会议在我校召开,http://jjc.nju.edu.cn/ad/5a/c6756a306522/page.htm,WARNING0,,,
Qing Da @ LAMDA - Nanjing University (笪庆 - 南京大学),http://lamda.nju.edu.cn/daq/,WARNING0,,,
马海波 [教授] (Prof. Dr. Haibo Ma),http://itcc.nju.edu.cn/~haibo/,WARNING0,ERROR0,,
Yinghuan Shi's Homepage,http://cs.nju.edu.cn/shiyh,WARNING0,,,
Xun Cao's homepage,http://cite.nju.edu.cn/cao.html,WARNING0,,,
副教授,http://eng.nju.edu.cn/5184/list.htm,WARNING0,,,
南京大学新闻网-海内外专家聚首南大共话“面向翻译的术语研究”,http://news.nju.edu.cn/show_article_1_47638,WARNING0,,,
【保研推免】2018年优秀本科生开放日活动公告 - 南京大学文学院,http://chin.nju.edu.cn/shownews1714.html,WARNING0,ERROR0,,
我国“一流大学”人才培养目标优化研究 - 南京大学中国社会科学...,http://cssrac.nju.edu.cn/a/pjyj/lunwenjingdu/2018/0201/2866.html,WARNING0,ERROR0,,
林春明,http://es.nju.edu.cn/55/1f/c3851a87327/page.htm,WARNING0,,,
凌棕 博士,http://software.nju.edu.cn/lingzong/lingzong.htm,WARNING0,,,
关于开展南京大学2018年社会实践活动的通知 - 南大青年,https://tuanwei.nju.edu.cn/article/9930-2018-3,,,,
周理乾,https://philo.nju.edu.cn/83/69/c4712a164713/page.htm,,,,
罗婷- 南大戏剧影视艺术系,http://thea.nju.edu.cn/article/90,WARNING0,,,
钟太洋,http://sgos.nju.edu.cn/03/dc/c10139a197596/page.htm,WARNING0,,,
师资力量,http://chem.nju.edu.cn/staff/staff.asp?iname=%B6%A1%D2%FA,WARNING0,,,
袁光锋,https://jc.nju.edu.cn/b1/7a/c8609a176506/page.htm,,ERROR0,,
出站申请,http://hr.nju.edu.cn/6334/list.htm,WARNING0,ERROR0,,
The Yu Group @ Nanjing University,http://hysz.nju.edu.cn/yusy/content.aspx?flag=395&info_lb=452,WARNING0,,,
工科试验班丨南京大学大类招生,https://bkzs.nju.edu.cn/29/13/c4545a207123/page.htm,,,,
南京大学环境学院潘丙才教授课题组 - 主要成员,http://pangroup.nju.edu.cn/members.asp,WARNING0,,,
医学院侯亚义教授和王婷婷教授课题组揭示肿瘤相关成纤维细胞调控...,http://scit.nju.edu.cn/4a/ad/c10927a281261/page.htm,WARNING0,ERROR0,,
南京大学信息管理学院,http://im.nju.edu.cn/teacherinfo.do?mid=4&mmid=80ceed23-2a46-11e5-8e21-002454d0cc1b&tid=5b2f1d53-50cf-11e5-a1b9-002454d0cc1b,WARNING0,,,
[加快“双一流”建设思想大讨论]南京大学一流本科人才培养的探索...,https://njuedf.nju.edu.cn/09/86/c4482a264582/page.htm,,ERROR0,,
孙江- 南京大学历史学院,http://history.nju.edu.cn/list.php?fid=110,WARNING0,,,
南京大学教务处,http://jw.nju.edu.cn/ContentList.aspx?MType=PX-WZSY-TPXW&FType=WZSY&id=20161221-13331159~b1685f65,WARNING0,,,
2018年江苏教育经济研究会学术年会暨数据科学与教育经济研究青年...,http://edu.nju.edu.cn/ad/cc/c8781a306636/page.htm,WARNING0,ERROR0,,
本科生教育 - 南大法学院,http://law.nju.edu.cn/index.php?a=lists&catid=36,WARNING0,,,
南京大学2016年新生奖学金评定办法,https://xgc.nju.edu.cn/a3/ab/c1553a172971/page.psp,,ERROR0,,
公用房与土地管理科 - 公用房与土地管理科 - 南京大学房地产管理处,http://fcc.nju.edu.cn/category/mechanism1,WARNING0,,,
最新公开信息,https://xxgk.nju.edu.cn/159/list.htm,,,,
王亚平,http://med.nju.edu.cn/ac/de/c10880a306398/page.htm,WARNING0,,,
网络教育在政府调控与市场调节中发展 - 南京大学网络教育学院,http://de.nju.edu.cn/s_dist.asp?id=863949&r_id=b_YCJYDT&type=a,WARNING0,ERROR0,,
关于建筑学一级学科博士研究生申请学位科研量化指标的规定,https://arch.nju.edu.cn/41/65/c1239a16741/page.htm,,,,
江苏省“新动力”青商学院“党的十九大精神专题学习”课程在我院...,http://nubs.nju.edu.cn/7c/d3/c8895a228563/pagem.htm,WARNING0,ERROR0,,
【党工委】中共中央印发《中国共产党支部工作条例(试行)》,http://ndsc.nju.edu.cn/ad/2d/c11255a306477/page.htm,WARNING0,ERROR0,,
2018年南大新传学生专业获奖 – 南京大学国家级传媒实验教学示范...,http://media.nju.edu.cn/?p=1730,WARNING0,ERROR0,,
脑表达的Xcsv-parse_爱学术,https://cas.nju.edu.cn/cas/login?service=https%3A%2F%2Fvpn2.nju.edu.cn%2Fpor%2Fcas_sso.csp%3Fmode%3Dbs%26redirect%3Dhttps%253A%252F%252Fwww.ixueshu.com%252Fdocument%252F6414b38812b2c7d7318947a18e7f9386.html,,ERROR0,,
提示信息,about:blank,WARNING0,ERROR0,ERROR1,
水煤浆技术论文10篇_发表之家,https://cas.nju.edu.cn/cas/login?service=https%3A%2F%2Fvpn2.nju.edu.cn%2Fpor%2Fcas_sso.csp%3Fmode%3Dbs%26redirect%3Dhttps%253A%252F%252Fwww.fabiao.com%252Flunwen%252Fsmjjs,,ERROR0,,
通知通告 / 长期项目_南京大学国际合作与交流处 学生交流科,http://stuex.nju.edu.cn/a/changqixiangmu/,WARNING0,,,
关于做好2018年党内统计工作的通知,http://zzb.nju.edu.cn/a5/4b/c11875a304459/pagem.htm,WARNING0,,,
企业需求,https://ttc.nju.edu.cn/9943/list.htm,,,,
南京大学招标办公室 - 货物类,http://zb.nju.edu.cn/cgxxhw/31452.jhtml,WARNING0,,,
学位论文研讨与学习报告——2018年秋季学期第六次会议_最新消息_...,http://eduwx.nju.edu.cn/news/?2004.html,WARNING0,ERROR0,,
兰达工程监理,https://hqjt.nju.edu.cn/ldgcjl/,,,,
南京大学新闻传播学院,http://jc.nju.edu.cn/_t586/,WARNING0,,,
南京大学新闻网-哲学系张异宾教授《回到列宁》(日文版)在日本引起...,http://news.nju.edu.cn/show_article_7_43398,WARNING0,ERROR0,,
江苏省优秀博士、硕士学位论文评选实施办法(试行),https://grawww.nju.edu.cn/d3/0d/c1048a250637/page.htm,,ERROR0,,
奖助学金,https://njuedf.nju.edu.cn/3801/list.htm,,,,
生物医学工程系,http://eng.nju.edu.cn/5851/list.htm,WARNING0,,,
王博,https://www.nju.edu.cn/7c/27/c1925a31783/page.htm,,,,
南京大学物理学院 - 范仁浩,https://physics.nju.edu.cn/2018-1/105535_150014.html,,ERROR0,,
下载专区,https://xgc.nju.edu.cn/1538/list.htm,,,,
南京大学文学院,http://chin.nju.edu.cn/grzy2_124-5.html,WARNING0,,,
李武军 (博导),http://cs.nju.edu.cn/c9/54/c2640a51540/page.htm,WARNING0,,,
陈志红,http://hwxy.nju.edu.cn/8b/e4/c6786a166884/page.htm,WARNING0,ERROR0,,
【南青观察】NJU优博追踪之文学院童岭 - 南大青年,https://tuanwei.nju.edu.cn/article/3045-2014-05-14-17-28-09,,,,
南京大学商学院,http://nubs.nju.edu.cn/wq_9540/list.htm,WARNING0,,,
南大足球队:csv-parse,https://bkzs.nju.edu.cn/a0/dd/c4549a237789/page.htm,,ERROR0,,
地科系,https://es.nju.edu.cn/wt/list.htm,,,,
高子文 - 南大戏剧影视艺术系,http://thea.nju.edu.cn/article/91,WARNING0,,,
国家自然科学基金“航空发动机高温材料/先进制造及故障诊断科学...,https://scit.nju.edu.cn/86/d7/c10916a296663/page.htm,,ERROR0,,
王睿恒 - 南京大学历史学院,http://history.nju.edu.cn/list.php?fid=132,WARNING0,,,
李朝军,http://med.nju.edu.cn/ac/e0/c10880a306400/page.htm,WARNING0,,,
远程教育动态 - 南京大学网络教育学院,http://de.nju.edu.cn/s_dist.asp?id=5930445&r_id=b_YCJYDT&type=a,WARNING0,ERROR0,,
张莲民,http://sme.nju.edu.cn/5d/22/c6518a154914/page8.htm,WARNING0,,,
2018年秋季学期创业训练计划结题答辩评审结果公示,http://ndsc.nju.edu.cn/ad/7e/c11255a306558/page.htm,WARNING0,,,
南京华讯知识产权顾问有限公司总经理、知产律师侯庆辰博士为我院...,http://law.nju.edu.cn/index.php?a=shows&catid=64&id=565,WARNING0,ERROR0,,
人R_O蛋白(60kD)编码序列的PCR产物在E.coli中的克隆与表达_爱学术,https://cas.nju.edu.cn/cas/login?service=https%3A%2F%2Fvpn2.nju.edu.cn%2Fpor%2Fcas_sso.csp%3Fmode%3Dbs%26redirect%3Dhttps%253A%252F%252Fwww.ixueshu.com%252Fdocument%252F3abe615766b063f2318947a18e7f9386.html,,ERROR0,,
科技发明论文10篇_发表之家,https://cas.nju.edu.cn/cas/login?service=https%3A%2F%2Fvpn2.nju.edu.cn%2Fpor%2Fcas_sso.csp%3Fmode%3Dbs%26redirect%3Dhttps%253A%252F%252Fwww.fabiao.com%252Flunwen%252Fkjfm,,ERROR0,,
通知通告 / 长期项目_南京大学国际合作与交流处 学生交流科,http://stuex.nju.edu.cn/a/changqixiangmu/,WARNING0,,,
汪雅霜副教授应邀赴河海大学开展学术讲座_最新消息_最新消息_汪霞...,http://eduwx.nju.edu.cn/news/?2008.html,WARNING0,ERROR0,,
输入SEO标题,http://fcc.nju.edu.cn/view/Notice1/316,WARNING0,,,
南京大学新闻网-文学院罗琼鹏的研究成果在JOURNAL OF EAST ASIAN ...,http://news.nju.edu.cn/show_article_7_43697,WARNING0,ERROR0,,
胡伟(博士),http://cs.nju.edu.cn/c9/4f/c2640a51535/page.htm,WARNING0,,,
2018 年 S-Tech 学术支持计划——“腾讯 - 南京大学 - 中国新闻史...,http://jc.nju.edu.cn/90/b2/c8612a299186/page.htm,WARNING0,ERROR0,,
南京大学物理学院 - 杨跃涛,https://physics.nju.edu.cn/2014-5/200240_989959.html,,ERROR0,,
田野,http://eng.nju.edu.cn/8f/53/c5016a233299/page.htm,WARNING0,,,
曹剑,https://www.nju.edu.cn/7c/81/c1925a31873/page.htm,,,,
关于申报“2017年南京大学研究生跨学科科研创新基金”的通知,https://grawww.nju.edu.cn/6e/47/c905a224839/page.htm,,,,
赵家捷(兼职教授) - 南大戏剧影视艺术系,http://thea.nju.edu.cn/article/200,WARNING0,ERROR0,,
经济学系,http://nubs.nju.edu.cn/jjxx/list.htm,WARNING0,,,
省科技厅关于修订《江苏省水污染防治技术指导目录》的通知,http://scit.nju.edu.cn/cd/d3/c10916a249299/page.htm,WARNING0,,,
南京大学历史学院任命决定(20150830) - 通知公告 - 南京大学历史...,http://history.nju.edu.cn/bencandy.php?fid=8&id=714,WARNING0,ERROR0,,
第五届青年地学论坛在南京大学举行,http://bkzs.nju.edu.cn/98/bf/c4536a301247/page.htm,WARNING0,ERROR0,,
第五届汉语中介语语料库建设与应用国际学术研讨会通知(第1号),http://hwxy.nju.edu.cn/a0/e3/c6018a237795/page.htm,WARNING0,ERROR0,,
南海论坛,http://nanhai.nju.edu.cn/5321/list.htm,WARNING0,,,
2019年度南京大学文化创意产业扶持项目申报通知,http://ndsc.nju.edu.cn/ad/d1/c11255a306641/page.htm,WARNING0,,,
远程教育动态 - 南京大学网络教育学院,http://de.nju.edu.cn/s_dist.asp?id=1783411&r_id=b_YCJYDT&type=a,WARNING0,ERROR0,,
羊布氏杆菌病论文10篇_发表之家,https://cas.nju.edu.cn/cas/login?service=https%3A%2F%2Fvpn2.nju.edu.cn%2Fpor%2Fcas_sso.csp%3Fmode%3Dbs%26redirect%3Dhttps%253A%252F%252Fwww.fabiao.com%252Flunwen%252Fybsgjb,,ERROR0,,
南京大学关于做好“2019年度国家公派高级访问学者、 访问学者(含...,http://hr.nju.edu.cn/ad/68/c5977a306536/page.htm,WARNING0,ERROR0,,
讲座回顾|中美贸易战中的国家安全问题 - 新闻资讯 - 法学院网络...,http://law.nju.edu.cn:8082/article/18,WARNING0,ERROR0,,
2017年春季学期第9号通知:博士学位论文开题_通知_汪霞教授研究团队,http://eduwx.nju.edu.cn/news/?1818.html,WARNING0,ERROR0,,
输入SEO标题,http://fcc.nju.edu.cn/view/Table3/317,WARNING0,,,
跨进军营的副师级“大兵”——著名歌唱家于文华当兵小记_爱学术,https://cas.nju.edu.cn/cas/login?service=https%3A%2F%2Fvpn2.nju.edu.cn%2Fpor%2Fcas_sso.csp%3Fmode%3Dbs%26redirect%3Dhttps%253A%252F%252Fwww.ixueshu.com%252Fdocument%252F18e308e90c7de24d318947a18e7f9386.html,,ERROR0,,
南京大学新闻网-两弹一星元勋中的南京大学校友人数全国第三,http://news.nju.edu.cn/show_article_13_33499,WARNING0,,,
Shuyu Shi's Home Page,http://cs.nju.edu.cn/alexliu/shuyu.html,WARNING0,,,
李高军,https://www.nju.edu.cn/7c/5a/c1925a31834/page.htm,,,,
先进技术研究院,http://scit.nju.edu.cn/11185/list.htm,WARNING0,,,
张晓禹,http://eng.nju.edu.cn/42/15/c5186a147989/page.htm,WARNING0,,,
关于2018年中国研究生创新实践系列大赛“华为杯”第十五届中国...,https://grawww.nju.edu.cn/3e/d9/c905a278233/page.htm,,ERROR0,,
南京大学商学院,http://nubs.nju.edu.cn/czm/list.htm,WARNING0,,,
支教支西 - 南大青年,https://tuanwei.nju.edu.cn/sjyr/zjzx.html,,,,
关于胡阿祥教授赴美国的公示 - 通知公告 - 南京大学历史学院,http://history.nju.edu.cn/bencandy.php?fid=8&id=2308,WARNING0,,,
远程教育动态 - 南京大学网络教育学院,http://de.nju.edu.cn/s_dist.asp?id=7829248&r_id=b_YCJYDT&type=a,WARNING0,ERROR0,,
中国高等教育学会教育基金工作研究分会(江苏片区)会议在我校召开,http://njuedf.nju.edu.cn/ad/5f/c3590a306527/page.htm,WARNING0,ERROR0,,
南京大学新闻传播学院,http://jc.nju.edu.cn/_t586/,WARNING0,,,
茶叶机械论文10篇_发表之家,https://cas.nju.edu.cn/cas/login?service=https%3A%2F%2Fvpn2.nju.edu.cn%2Fpor%2Fcas_sso.csp%3Fmode%3Dbs%26redirect%3Dhttps%253A%252F%252Fwww.fabiao.com%252Flunwen%252Fchayejixie,,ERROR0,,
南苑会议中心,http://hqjt.nju.edu.cn/jdzx/,WARNING0,,,
讲座回顾|法律适用的程序思维 - 新闻资讯 - 法学院网络课堂 - ...,http://law.nju.edu.cn:8082/article/19,WARNING0,ERROR0,,
合作办学,https://www.nju.edu.cn/3680/list.htm,,,,
国家重点实验室,http://scit.nju.edu.cn/10922/list.htm,WARNING0,,,
南京大学新闻网-我校第六届信息检索大赛落幕,http://news.nju.edu.cn/show_article_4_42143,WARNING0,,,
2013迎新营 - 南大青年,https://tuanwei.nju.edu.cn/2013.html,,,,
HuiWei's Lab,http://weilab.nju.edu.cn/,WARNING0,,,
南京大学 离退休工作处,http://ltx.nju.edu.cn/,WARNING0,,,
Gattaca lab,http://gattaca.nju.edu.cn/,WARNING0,,,
副猪嗜血杆菌病论文10篇_发表之家,http://www.baidu.com/link?url=25bM_3Q43Pfi8ZSs3pstX5ObxxxouJbdAY53lfJZlsUGBnazv4H1AN_kASju3n2DJM4XJT7N0f9DSV6ZP7jmDYphJHKO1A0LnqkeH1wwtzG&wd=&eqid=e1d6bb750000f0c2000000065c2362e9,WARNING0,ERROR0,ERROR1,
南京大学天文与空间科学学院,http://astronomy.nju.edu.cn/,WARNING0,,,
mcumt.nju.edu.cn/,http://mcumt.nju.edu.cn/,WARNING0,ERROR0,,
Neutron Scattering Group,http://neus.nju.edu.cn/,WARNING0,,,
江苏省高等学校数字图书馆_JALIS,https://www.jalis.nju.edu.cn/,,,,
南大就业首页,http://job.nju.edu.cn/,WARNING0,,,
南京大学社会学院,http://sociology.nju.edu.cn/index.html,WARNING0,,,
Prof. Genxi Li's Lab -- Home,http://genxililab.nju.edu.cn/,WARNING0,ERROR0,,
南京大学中国社会科学研究评价中心,http://cssrac.nju.edu.cn/index.html,WARNING0,,,
主页—南京大学PASA大数据技术实验室,http://pasa-bigdata.nju.edu.cn/,WARNING0,,,
南京大学教师教学发展中心,http://ctl.nju.edu.cn/,WARNING0,,,
南京大学纳米磁性科研组,http://nanomag.nju.edu.cn/,WARNING0,,,
南京大学国际合作与交流处 学生交流科,http://stuex.nju.edu.cn/,WARNING0,,,
远程教育动态 - 南京大学网络教育学院,http://de.nju.edu.cn/s_dist.asp?id=2678491&r_id=b_YCJYDT&type=a,WARNING0,ERROR0,,
南京大学电子邮件系统,https://mail.nju.edu.cn/,,,,
Huigang Zhang Research Group - Nanjing University,http://ulab.nju.edu.cn/,WARNING0,,,
CITE,http://cite.nju.edu.cn/,WARNING0,,,
南海舆情简报,http://nanhai.nju.edu.cn/nhyqjb/list2.htm,WARNING0,,,
南京大学在线支付平台,http://pay.nju.edu.cn/,WARNING0,,,
南京大学,https://www.nju.edu.cn/cps/site/news/index.psp,,,,
南京大学历史学院,http://history.nju.edu.cn/,WARNING0,,,
南京大学软件工程实验教学中心,http://labse.nju.edu.cn/,WARNING0,,,
NANJING UNIVERSITY,https://www.nju.edu.cn/EN/,,,,
南京大学中国智库研究与评价中心,http://ctti.nju.edu.cn/index.html,WARNING0,,,
水电管理中心,https://hqjt.nju.edu.cn/dlzx/,,,,
南京大学物理学院 - 刘力哲,https://physics.nju.edu.cn/2014-9/141750_257319.html,,ERROR0,,
两学一做|历史学院组织全体学生党员学习全国教育大会精神 - 新闻...,http://history.nju.edu.cn/bencandy.php?fid=7&id=2306,WARNING0,ERROR0,,
闻海虎 – 南京大学超导物理和材料研究中心,http://sc.nju.edu.cn/teams/hhwen,WARNING0,,,
兰达工程监理,https://hqjt.nju.edu.cn/ldgcjl/,,,,
培养方案(2016),http://grawww.nju.edu.cn/57/04/c1021a153348/page.htm,WARNING0,ERROR0,,
奖助学金,http://njuedf.nju.edu.cn/jxj/list.htm,WARNING0,,,
水电管理中心,https://hqjt.nju.edu.cn/dlzx/,,,,
运输中心,http://hqjt.nju.edu.cn/yszx/,WARNING0,,,
讲座回顾|csv-parse“学术进仙林”系列活动再...,http://law.nju.edu.cn:8082/article/16,WARNING0,ERROR0,,
南京大学金陵学院信息科学与工程学院,http://ise.jlxy.nju.edu.cn/,WARNING0,,,
博士研究生招生,http://grawww.nju.edu.cn/913/list.htm,WARNING0,,,
常用表格,http://ias.nju.edu.cn/13097/list.htm,WARNING0,,,
南苑会议中心,http://hqjt.nju.edu.cn/jdzx/,WARNING0,,,
学术报告:周笑波,http://keysoftlab.nju.edu.cn/4f/75/c1576a85877/page.htm,WARNING0,ERROR0,,
梁瑜章,https://eng.nju.edu.cn/a6/b7/c4935a173751/page.htm,,,,
詹德川 (博士),http://cs.nju.edu.cn/c9/72/c2640a51570/page.htm,WARNING0,,,
南京大学新闻网-吕建校长一行赴云南双柏县推进定点扶贫工作,http://news.nju.edu.cn/show_article_1_50126,WARNING0,,,
南大校历,https://www.nju.edu.cn/_s2/3689/list.psp,,ERROR0,,
文件汇编,http://hr.nju.edu.cn/sdsfjs/list.htm,WARNING0,,,
南京大学统一身份认证服务,http://cer.nju.edu.cn/amserver/UI/Login?goto=https%3A%2F%2Foa.nju.edu.cn%2Foa2%2Fplatform.jsp%3F_p%3DYXM9MSZwPTEmbT1OJg__,,,,
亚太安全与海洋研究,http://nanhai.nju.edu.cn/ytaqyhyyj/list.htm,WARNING0,,,
地科系,https://es.nju.edu.cn/hym/list.htm,,,,
南京大学统一身份认证,https://cas.nju.edu.cn/cas/login?service=http%3A%2F%2Fgyf.nju.edu.cn%2F%3FtargetUrl%3Dbase64aHR0cDovL2d5Zi5uanUuZWR1LmNuLw%3D%3D,,,,
南大缴费系统,http://net.nju.edu.cn/,WARNING0,,,
南京大学学生会2017—2018学年部长团成员选拔结果公示 - 南大青年,https://tuanwei.nju.edu.cn/article/9541-2017-2025,,,,
南京大学物理学院 - 陶超,https://physics.nju.edu.cn/2014-5/200240_873843.html,,ERROR0,,
南京大学招生宣传片2016版,https://xgc.nju.edu.cn/2b/ce/c2293a142286/page.htm,,,,
EDP动态,https://edp.nju.edu.cn/8673/list.htm,,,,
主页- LAMDA,http://lamda.nju.edu.cn/CH.MainPage.ashx,WARNING0,,,
南京大学人才培训交流中心,http://jshr.nju.edu.cn/,WARNING0,,,
物业管理中心,https://hqjt.nju.edu.cn/ldwygl/main.htm,,,,
研究生招生,https://grawww.nju.edu.cn/2707/list.htm,,,,
MLA'18 - The 16th China Symposium on Machine Learning and ...,http://lamda.nju.edu.cn/conf/mla18/?aspxautodetectcookiesupport=1,WARNING0,ERROR0,,
后勤服务集团召开第一届职工代表大会暨工会会员代表大会第一次会议,http://hqjt.nju.edu.cn/ac/ed/c1194a306413/page.htm,WARNING0,,,
青协- 南大青年,https://tuanwei.nju.edu.cn/xstt/qx.html,,,,
纤维亚麻论文10篇_发表之家,https://cas.nju.edu.cn/cas/login?service=https%3A%2F%2Fvpn2.nju.edu.cn%2Fpor%2Fcas_sso.csp%3Fmode%3Dbs%26redirect%3Dhttps%253A%252F%252Fwww.fabiao.com%252Flunwen%252Fxianweiyama,,ERROR0,,
南京大学 - 研究生学籍与教学管理系统,http://pyb.nju.edu.cn/downloadread.action?id=37,WARNING0,,,
硕士研究生招生,https://grawww.nju.edu.cn/912/list.psp,,,,
School of Life Sciences,https://www.nju.edu.cn/EN/7f/76/c7136a163702/page.htm,,,,
远程教育动态 - 南京大学网络教育学院,http://de.nju.edu.cn/s_dist.asp?id=3844851E02&r_id=b_YCJYDT&type=a,WARNING0,ERROR0,,
南京大学新闻网-我校举行民族音乐会庆祝建校115周年,http://news.nju.edu.cn/show_article_1_45668,WARNING0,,,
南京大学关于2018届毕业研究生基层就业学费补偿和国家助学贷款...,http://grawww.nju.edu.cn/2f/2b/c905a274219/page.htm,WARNING0,ERROR0,,
讲座回顾|商法的趋同和中国商法通则的制定 - 新闻资讯 - 法学院...,http://law.nju.edu.cn:8082/article/17,WARNING0,ERROR0,,
南京大学物理学院 - 吴浩东,https://physics.nju.edu.cn/2014-5/200240_440816.html,,ERROR0,,
团学工作创新 - 南大青年,https://tuanwei.nju.edu.cn/component/tags/tag/74,,,,
生物特征识别论文10篇_发表之家,https://cas.nju.edu.cn/cas/login?service=https%3A%2F%2Fvpn2.nju.edu.cn%2Fpor%2Fcas_sso.csp%3Fmode%3Dbs%26redirect%3Dhttps%253A%252F%252Fwww.fabiao.com%252Flunwen%252Fshengwutezhengshibie,,ERROR0,,
研究生招生,http://grawww.nju.edu.cn/gzzd/list.htm,WARNING0,,,
张峻峰,https://www.nju.edu.cn/a8/40/c10385a305216/page.htm,,,,
news.nju.edu.cn/show_article_1_47459,http://news.nju.edu.cn/show_article_1_47459,WARNING0,ERROR0,,
南大团声 - 南大青年,https://tuanwei.nju.edu.cn/ndts.html,,,,
信息安全行业论文10篇_发表之家,https://cas.nju.edu.cn/cas/login?service=https%3A%2F%2Fvpn2.nju.edu.cn%2Fpor%2Fcas_sso.csp%3Fmode%3Dbs%26redirect%3Dhttps%253A%252F%252Fwww.fabiao.com%252Flunwen%252Fxinxianquanxingye,,ERROR0,,
南京大学新闻网-我校组织相关人员参观国家安全教育主题展,http://news.nju.edu.cn/show_article_1_49094,WARNING0,,,
江苏省高等学校数字图书馆_JALIS,https://www.jalis.nju.edu.cn/index.html,,,,
南京大学电子邮件系统,https://mail.smail.nju.edu.cn/,,,,
南大·句容双创园(人才公寓)项目开工奠基,https://www.nju.edu.cn/a4/de/c3814a304350/pagem.psp,,ERROR0,,
南京大学新闻网-我校现代工学院入选第二批“国际化示范学院”,http://news.nju.edu.cn/show_article_1_38904,WARNING0,,,
南京大学中国智库研究与评价中心,http://cttrec.nju.edu.cn/index.html,WARNING0,,,
学术会议,http://ias.nju.edu.cn/13108/list.htm,WARNING0,,,
南京大学物理学院- 公告,https://physics.nju.edu.cn/xwgg/gg.htm,,,,
运输中心,http://hqjt.nju.edu.cn/yszx/,WARNING0,,,
EDP动态,http://edp.nju.edu.cn/8663/list.htm,WARNING0,,,
档案鉴定论文10篇_发表之家,https://cas.nju.edu.cn/cas/login?service=https%3A%2F%2Fvpn2.nju.edu.cn%2Fpor%2Fcas_sso.csp%3Fmode%3Dbs%26redirect%3Dhttps%253A%252F%252Fwww.fabiao.com%252Flunwen%252Fdajd,,ERROR0,,
南海通讯,http://nanhai.nju.edu.cn/nhtx/list.htm,WARNING0,,,
物业管理中心,http://hqjt.nju.edu.cn/ldwygl/,WARNING0,,,
研究生培养计划,http://grawww.nju.edu.cn/1018/list.htm,WARNING0,,,
转基因生物论文10篇_发表之家,https://cas.nju.edu.cn/cas/login?service=https%3A%2F%2Fvpn2.nju.edu.cn%2Fpor%2Fcas_sso.csp%3Fmode%3Dbs%26redirect%3Dhttps%253A%252F%252Fwww.fabiao.com%252Flunwen%252Fzjysw,,ERROR0,,
研究生院,http://grawww.nju.edu.cn/zdxk/xk06/index.psp,WARNING0,,,
南京大学新闻网-我校举行2015年度新进教职工入职仪式,http://news.nju.edu.cn/show_article_1_40633,WARNING0,,,
南京大学物理学院 - 南京大学BESIII实验团队陈申见教授课题组科研...,https://physics.nju.edu.cn/2018-12/101231_544719.html,,ERROR0,,
南京大学新闻网-2018年本科生国际科考与科研训练项目成果汇报会举行,http://news.nju.edu.cn/show_article_1_50515,WARNING0,,,
旅游资源保护论文10篇_发表之家,https://cas.nju.edu.cn/cas/login?service=https%3A%2F%2Fvpn2.nju.edu.cn%2Fpor%2Fcas_sso.csp%3Fmode%3Dbs%26redirect%3Dhttps%253A%252F%252Fwww.fabiao.com%252Flunwen%252Flvyouziyuanbaohu,,ERROR0,,
博士研究生招生,https://grawww.nju.edu.cn/913/list.psp,,,,
旅游科学论文10篇_发表之家,https://cas.nju.edu.cn/cas/login?service=https%3A%2F%2Fvpn2.nju.edu.cn%2Fpor%2Fcas_sso.csp%3Fmode%3Dbs%26redirect%3Dhttps%253A%252F%252Fwww.fabiao.com%252Flunwen%252Flykx,,ERROR0,,
南京大学中国智库研究与评价中心,http://cttrec.nju.edu.cn/index.html,WARNING0,,,
南京大学新闻网-“少年总裁”母校分享创业心得,http://news.nju.edu.cn/show_article_4_36781,WARNING0,,,
《激光》杂志2017年4期期刊目录_发表之家,https://cas.nju.edu.cn/cas/login?service=https%3A%2F%2Fvpn2.nju.edu.cn%2Fpor%2Fcas_sso.csp%3Fmode%3Dbs%26redirect%3Dhttps%253A%252F%252Fwww.fabiao.com%252Fjg%252F201704,,ERROR0,,
南京大学物理学院- 本科创新项目,https://physics.nju.edu.cn/lib/bks_bkcxxm1032.htm,,,,
南大幼儿园,http://hqjt.nju.edu.cn/ndyey/,WARNING0,,,
南京大学新闻网-马克思珍贵原始手稿在南大展出这是国内收藏的唯一...,http://news.nju.edu.cn/show_article_2_49190,WARNING0,ERROR0,,
定制流程,https://edp.nju.edu.cn/8688/list.htm,,,,
研究生思想教育,http://grawww.nju.edu.cn/2710/list.htm,WARNING0,,,
名家讲坛,http://ias.nju.edu.cn/13086/list.htm,WARNING0,,,
精准施药技术论文10篇_发表之家,https://cas.nju.edu.cn/cas/login?service=https%3A%2F%2Fvpn2.nju.edu.cn%2Fpor%2Fcas_sso.csp%3Fmode%3Dbs%26redirect%3Dhttps%253A%252F%252Fwww.fabiao.com%252Flunwen%252Fjingzhunshiyaojishu,,ERROR0,,
南京大学新闻网-李跃华:清雍正“火耗归公”改革的启示,http://news.nju.edu.cn/show_article_8_41666,WARNING0,ERROR0,,
2019年硕士研究生入学考试南京大学考点考场安排及有关事项,http://grawww.nju.edu.cn/a7/6a/c905a305002/page.htm,WARNING0,,,
中国共产党南京大学第十次代表大会隆重开幕 - 南京大学第十次...,http://news.nju.edu.cn/ddh/ddhshow_20_37763.html,WARNING0,ERROR0,,
安培环路定理论文10篇_发表之家,https://cas.nju.edu.cn/cas/login?service=https%3A%2F%2Fvpn2.nju.edu.cn%2Fpor%2Fcas_sso.csp%3Fmode%3Dbs%26redirect%3Dhttps%253A%252F%252Fwww.fabiao.com%252Flunwen%252Fanpeihuanludingli,,ERROR0,,
《商业经济》杂志_省级期刊_期刊点评,https://cas.nju.edu.cn/cas/login?service=https%3A%2F%2Fvpn2.nju.edu.cn%2Fpor%2Fcas_sso.csp%3Fmode%3Dbs%26redirect%3Dhttps%253A%252F%252Fwww.fabiao.com%252Fsyjj,,ERROR0,,
南京大学新闻网-黄培义将军做客南大“将军讲堂”,http://news.nju.edu.cn/show_article_1_39510,WARNING0,,,
公安文化论文10篇_发表之家,https://vpn2.nju.edu.cn/?redirect_uri=http%3A%2F%2Fwww-fabiao-com-s.vpn2.nju.edu.cn%2Flunwen%2Fgawh%2F&cas_uri=https%3A%2F%2Fwww.fabiao.com%2Flunwen%2Fgawh%2F,,,,
南京大学物理学院- 本科毕业论文,https://physics.nju.edu.cn/lib/bks_bkbylw1029.htm,,,,
南大幼儿园,http://hqjt.nju.edu.cn/ndyey/,WARNING0,,,
南京大学新闻网-南京大学“王立筱奖助学金”颁奖,http://news.nju.edu.cn/show_article_1_33913,WARNING0,,,
南京大学新闻网-朱剑:学术期刊的新媒体转型与融合发展,http://www.baidu.com/link?url=toidDGFd2iALNGVScZFidmxy3fu5btwsHyYc16ATx5G3ew7YEtvIqUaGEA_FGzu2W5tyw8j75MODB5gLC3chz_&wd=&eqid=ce5b3e8d000182b1000000065c236803,WARNING0,ERROR0,ERROR1,
水墨人物画论文10篇_发表之家,https://cas.nju.edu.cn/cas/login?service=https%3A%2F%2Fvpn2.nju.edu.cn%2Fpor%2Fcas_sso.csp%3Fmode%3Dbs%26redirect%3Dhttps%253A%252F%252Fwww.fabiao.com%252Flunwen%252Fsmrwh,,ERROR0,,
南京大学新闻网-“卓越计划”打造南大学子“国际范”,http://www.baidu.com/link?url=6zoBen_mujSzUFd7S9HTSqvLTgtyCgEgjVLFprg-XflkJtx5j8YO9DDq3nGcLsIdWiUgwrXd-ctU4RwLyAy3Qq&wd=&eqid=ce5b3e8d000182b1000000065c236803,WARNING0,ERROR0,ERROR1,
渠道营销论文10篇_发表之家,https://cas.nju.edu.cn/cas/login?service=https%3A%2F%2Fvpn2.nju.edu.cn%2Fpor%2Fcas_sso.csp%3Fmode%3Dbs%26redirect%3Dhttps%253A%252F%252Fwww.fabiao.com%252Flunwen%252Fqudaoyingxiao,,ERROR0,,
南京大学新闻网-南京大学召开党委中心组扩大会议专题学习贯彻全国...,http://www.baidu.com/link?url=qN_c140x1T6hokMu3l-NuTsf4NB6FzmQSS4T-MXSHe5IaeKkj-BFqf7NjDptbZaQRFenoxaGAG_ttP8_ffdxTq&wd=&eqid=ce5b3e8d000182b1000000065c236803,WARNING0,ERROR0,ERROR1,
珍贵档案论文10篇_发表之家,https://cas.nju.edu.cn/cas/login?service=https%3A%2F%2Fvpn2.nju.edu.cn%2Fpor%2Fcas_sso.csp%3Fmode%3Dbs%26redirect%3Dhttps%253A%252F%252Fwww.fabiao.com%252Flunwen%252Fzhenguidangan,,ERROR0,,
南京大学新闻网-张海军教授与南大学子畅谈“2016年诺贝尔物理学奖”,http://news.nju.edu.cn/show_article_4_43889,WARNING0,,,
南京大学物理学院 - 青年教师沙龙,https://physics.nju.edu.cn/xwgg/qnjssl.htm,,,,
ap课程论文10篇_发表之家,https://cas.nju.edu.cn/cas/login?service=https%3A%2F%2Fvpn2.nju.edu.cn%2Fpor%2Fcas_sso.csp%3Fmode%3Dbs%26redirect%3Dhttps%253A%252F%252Fwww.fabiao.com%252Flunwen%252Fapkecheng,,ERROR0,,
《设计》杂志2011年4期期刊目录_发表之家,https://cas.nju.edu.cn/cas/login?service=https%3A%2F%2Fvpn2.nju.edu.cn%2Fpor%2Fcas_sso.csp%3Fmode%3Dbs%26redirect%3Dhttps%253A%252F%252Fwww.fabiao.com%252Fsj%252F201104,,ERROR0,,
南京大学新闻网-南大教授临终写致谢信:为人达观更有大爱,http://news.nju.edu.cn/show_article_2_51423,WARNING0,ERROR0,,
南京大学新闻网-陈帅教授课题组发现心脏钙稳态调控新机制,http://news.nju.edu.cn/show_article_12_51413,WARNING0,,,
冷激铸铁论文10篇_发表之家,https://cas.nju.edu.cn/cas/login?service=https%3A%2F%2Fvpn2.nju.edu.cn%2Fpor%2Fcas_sso.csp%3Fmode%3Dbs%26redirect%3Dhttps%253A%252F%252Fwww.fabiao.com%252Flunwen%252Flengjizhutie,,ERROR0,,
南京大学新闻网-56csv-parse:我能感受到...,http://news.nju.edu.cn/show_article_2_51416,WARNING0,ERROR0,,
选择性激光论文10篇_发表之家,https://cas.nju.edu.cn/cas/login?service=https%3A%2F%2Fvpn2.nju.edu.cn%2Fpor%2Fcas_sso.csp%3Fmode%3Dbs%26redirect%3Dhttps%253A%252F%252Fwww.fabiao.com%252Flunwen%252Fxuanzexingjiguang,,ERROR0,,
南京大学新闻网-香雪海双创论坛承载南大人热血情,http://news.nju.edu.cn/show_article_2_51388,WARNING0,,,
南京大学物理学院 - 课程表,https://physics.nju.edu.cn/bks/kcb.htm,,,,
南京大学新闻网-张耀存教授课题组在中纬度大气局地波活动与极端...,http://news.nju.edu.cn/show_article_12_51278,WARNING0,ERROR0,,
超声波测距仪论文10篇_发表之家,https://vpn2.nju.edu.cn/?redirect_uri=http%3A%2F%2Fwww-fabiao-com-s.vpn2.nju.edu.cn%2Flunwen%2Fcsbcjy%2F&cas_uri=https%3A%2F%2Fwww.fabiao.com%2Flunwen%2Fcsbcjy%2F,,ERROR0,,
国土资源工作论文10篇_发表之家,https://cas.nju.edu.cn/cas/login?service=https%3A%2F%2Fvpn2.nju.edu.cn%2Fpor%2Fcas_sso.csp%3Fmode%3Dbs%26redirect%3Dhttps%253A%252F%252Fwww.fabiao.com%252Flunwen%252Fgtzygz,,ERROR0,,
南京大学新闻网-南大校友苏州双创中心签约,http://news.nju.edu.cn/show_article_2_51390,WARNING0,,,
南京大学新闻网-南大教授荣获2018年度中国化学会青年化学奖,http://news.nju.edu.cn/show_article_1_51428,WARNING0,,,
南京大学新闻网-后勤服务集团召开“两代会”,http://news.nju.edu.cn/show_article_1_51403,WARNING0,,,
南京大学新闻网-专克重症胰腺炎20年打造“梦之队”,http://news.nju.edu.cn/show_article_2_51421,WARNING0,ERROR0,,
南京大学新闻网-南大教授赴京参加庆祝改革开放40周年理论研讨会,http://news.nju.edu.cn/show_article_1_51409,WARNING0,,,
南京大学新闻网-“2018中国智库治理暨思想理论传播高峰论坛”举行,http://news.nju.edu.cn/show_article_2_51401,WARNING0,,,
南京大学新闻网-任仲平:创造历史的伟大变革——纪念改革开放40...,http://news.nju.edu.cn/show_article_10_51282,WARNING0,ERROR0,,
南京大学新闻网-《纪念胡小石先生诞辰130周年书法文献展》在南京...,http://news.nju.edu.cn/show_article_2_51386,WARNING0,ERROR0,,
南京大学新闻网-胡金波主持党委中心组学习座谈会 胡福明校友作...,http://news.nju.edu.cn/show_article_1_51414,WARNING0,ERROR0,,
南京大学新闻网-部校共建南大新传院紫金楼启用,http://news.nju.edu.cn/show_article_2_51392,WARNING0,,,
南京大学新闻网-南京大学青年学者联谊会会员代表大会召开,http://news.nju.edu.cn/show_article_1_34601,WARNING0,,,
南京大学新闻网-[政府管理学院]党委为教职工党员设立“共产党员...,http://news.nju.edu.cn/show_article_9_42435,WARNING0,ERROR0,,
南京大学新闻网-我校召开本科招委会会议 胡金波书记调研本科招生...,http://news.nju.edu.cn/show_article_1_51424,WARNING0,ERROR0,,
南京大学新闻网-南大作品在第八届全国大学生口述史大赛中获一等奖,http://news.nju.edu.cn/show_article_1_51384,WARNING0,,,
南京大学新闻网-[长江产经研究院]获评CTTI高校智库百强榜A+智库和...,http://news.nju.edu.cn/show_article_9_51408,WARNING0,ERROR0,,
南京大学新闻网-[地科院]召开师德师风教育警示大会,http://news.nju.edu.cn/show_article_9_51402,WARNING0,,,
南京大学新闻网-我校承办全国出版专业学位研究生教育骨干教师专题...,http://news.nju.edu.cn/show_article_4_51426,WARNING0,ERROR0,,
南京大学新闻网-南大教师在省高校研究生思想政治理论课教学比赛中...,http://news.nju.edu.cn/show_article_4_51172,WARNING0,ERROR0,,
南京大学新闻网-南大校友创办“永银钱币博物馆“开馆,http://news.nju.edu.cn/show_article_4_51283,WARNING0,,,
南京大学新闻网-南大学子在2015年第8届中国大学生计算机设计大赛...,http://news.nju.edu.cn/show_article_1_39459,WARNING0,ERROR0,,
IMail Web Client - Login,http://hnc.nju.edu.cn/iclient/login.aspx,WARNING0,,,
表生地球化学教育部重点实验室,http://klsg.nju.edu.cn/,WARNING0,,,
南京大学,http://mm.nju.edu.cn/,WARNING0,,,
中美中心教学网站,http://zmjw.nju.edu.cn/login.aspx,WARNING0,,,
氧化物分子束外延及电子结构表征实验室-中文站,http://ombe.nju.edu.cn/index.php?siteid=4,WARNING0,,,
hrmis.nju.edu.cn/,http://hrmis.nju.edu.cn/urp-common/casLoginView.jsp,WARNING0,ERROR0,,
南京大学 商业数据分析 研究组,http://bda.nju.edu.cn/,WARNING0,,,
在线帮助,https://help.nju.edu.cn/,,,,
文化转场与实践: 生动的跨文化艺术表现 ——记系列活动之冯凯旋画展,http://confucius.nju.edu.cn/90/b9/c7619a299193/page.htm,WARNING0,,,
马克思学,http://ptext.nju.edu.cn/13425/list.htm,WARNING0,,,
【悦读经典计划】悦读书社年末压轴讲座,https://webplus.nju.edu.cn/_s249/29/66/c4546a141670/page.psp,,,,
我校留学归国学者联谊会举行欢迎“新南大人”座谈会,http://tzb.nju.edu.cn/12/64/c359a4708/page.htm,WARNING0,,,
文章摘要信息,http://geology.nju.edu.cn/CN/abstract/abstract9337.shtml,WARNING0,,,
通知公告,https://jjc.nju.edu.cn/4328/list.htm,,,,
110-118,http://chemlabs.nju.edu.cn/lab/chemworld/element/j_68.html,WARNING0,,,
学生工作——南京大学艺术研究院,http://artint.nju.edu.cn/newdetail.aspx?newsno=446&newstype=20,WARNING0,,,
0626-184111AH0028南京大学多功能微量热泳动仪公开招标公告,about:blank,WARNING0,,ERROR1,
关于天文与空间科学学院李川副教授赴新加坡参加国际会议的公示_...,http://astronomy.nju.edu.cn/a/tztg/041433r01720170414338.html,WARNING0,ERROR0,,
【推荐名单】2019年度null2019年春季学期赴香港城市大学交换推荐...,http://elite.nju.edu.cn/exchangesystem/notice?fpnid=3541,WARNING0,ERROR0,,
南京大学体育部-团结 奋进 创新 育人 | http://tyb.nju.edu.cn,http://tyb.nju.edu.cn/view.asp?id=208&class=23,WARNING0,,,
2013级城乡规划专业暑期专业生产实习师生互选结果,http://arch.nju.edu.cn/1e/c8/c1126a138952/page.psp,WARNING0,,,
关于2014级MPA答辩论文提交及答辩时间安排..._南京大学政府管理学院,http://public.nju.edu.cn/1329/10/10/news.html,WARNING0,ERROR0,,
南京大学化学化工学院,http://chem.nju.edu.cn/showga.asp?id=1949,WARNING0,,,
项目名称:南京大学鼓楼校区大学生事务中心弱电工程,https://jjc.nju.edu.cn/47/cd/c6771a214989/page.htm,,ERROR0,,
【研究生项目】关于2018年春赴日本神户大学交流项目的通知_南京...,http://stuex.nju.edu.cn/a/changqixiangmu/20171023/1807.html,WARNING0,ERROR0,,
【公共管理学术沙龙】第六讲-南京大学政府管理学院,http://public.nju.edu.cn/1278/11/11/news.html,WARNING0,,,
我校“社会经济环境虚拟仿真实验教学中心”跻身“国家队”,http://sme.nju.edu.cn/83/57/c2040a33623/page.htm,WARNING0,,,
FCC汽油降烯烃非氢工艺用催化剂的开发_爱学术,https://cas.nju.edu.cn/cas/login?service=https%3A%2F%2Fvpn2.nju.edu.cn%2Fpor%2Fcas_sso.csp%3Fmode%3Dbs%26redirect%3Dhttps%253A%252F%252Fwww.ixueshu.com%252Fdocument%252F305c109dc37f3c3a.html,,ERROR0,,
2006年公共管理学院硕士生招生简章-南京大学政府管理学院,http://public.nju.edu.cn/709/39/39/news.html,WARNING0,,,
南京大学首届“校园大使”选拔赛落幕,https://xgc.nju.edu.cn/60/48/c1517a24648/page.htm,,ERROR0,,
80后作家张嘉佳回母校谈新作 “文艺创作三观要正”,https://bkzs.nju.edu.cn/2c/1d/c4552a142365/page.htm,,,,
我校第23届光华奖学金、第3届宏德奖学金颁奖,http://xgc.nju.edu.cn/55/1d/c1539a21789/page.htm,WARNING0,,,
NANJING UNIVERSITY,https://www.nju.edu.cn/EN/,,ERROR0,,
教育研究院,https://edu.nju.edu.cn/#,,ERROR0,,
南京大学地科院学工园地,http://es.nju.edu.cn/xgw/,WARNING0,,,
《当代电视》杂志_CSSCI南大核心期刊_期刊点评,https://cas.nju.edu.cn/cas/login?service=https%3A%2F%2Fvpn2.nju.edu.cn%2Fpor%2Fcas_sso.csp%3Fmode%3Dbs%26redirect%3Dhttps%253A%252F%252Fwww.fabiao.com%252Fddds,,ERROR0,,
南京大学政府管理学院,http://public.nju.edu.cn/index.html,WARNING0,,,
国家自然科学基金,http://scit.nju.edu.cn/10946/list3.htm,WARNING0,,,
社会实践 - 南大青年,http://www.baidu.com/link?url=48pKJwU_kr8SNcRJgYXYL1HInHpL3KwP7wrHYG7yUC7iFIKYvqN4Fjybkmnv5Z1nmJ9COCl0isGY5w8gLzXkLa&wd=&eqid=8ef755ce00017fa2000000065c236b70,WARNING0,ERROR0,ERROR1,
International EMBA,http://nubs.nju.edu.cn/nubs_en/17393/list.htm,WARNING0,,,
获知自身的位置 - 史学随笔 - 南京大学历史学院,http://history.nju.edu.cn/bencandy.php?fid=68&id=1880,WARNING0,,,
新生风采 | 广西师大附属外国语学校刘芷伶:csv-parse,https://bkzs.nju.edu.cn/91/73/c4547a233843/page.htm,,ERROR0,,
澳大利亚前总理鲍勃·霍克访问南大,http://bkzs.nju.edu.cn/71/7c/c4539a94588/page.htm,WARNING0,,,
德鲁克论坛第76期——“国际会计学教育准则:对大学教育的影响和...,http://nubs.nju.edu.cn/c4/17/c8876a181271/page.htm,WARNING0,ERROR0,,
现代工程与应用科学学院魏辉教授课题组对肝素的检测方法研究取得...,http://scit.nju.edu.cn/37/45/c11003a210757/page.htm,WARNING0,ERROR0,,
学生会 - 南大青年,https://tuanwei.nju.edu.cn/xstt/xsh.html,,,,
南京大学统一身份认证服务,http://cer.nju.edu.cn/amserver/UI/Login?goto=http%3A%2F%2Fcheminst.nju.edu.cn%2Fhy_wfwpt%2Findex.html,WARNING0,,,
兰达工程监理,https://hqjt.nju.edu.cn/ldgcjl/main.htm,,,,
NANJING UNIVERSITY,http://www.baidu.com/link?url=-wHsxmBftou7dhaSI6O1KTFtTjqQhJzAvEA40jJguw4jdRQvGhBi_CyB-xsplcpp&wd=&eqid=ed28a3f800017dec000000065c236bdd,WARNING0,ERROR0,ERROR1,
硕士研究生招生,https://grawww.nju.edu.cn/912/list1.htm,,,,
国家重点实验室,http://scit.nju.edu.cn/gjzdsys/list.htm,WARNING0,,,
我校举办党风廉政建设专题报告会,https://www.nju.edu.cn/9c/9e/c3814a236702/pagem.psp,,ERROR0,,
《Chinese Optics Letters》杂志_CSCD核心期刊_期刊点评,https://cas.nju.edu.cn/cas/login?service=https%3A%2F%2Fvpn2.nju.edu.cn%2Fpor%2Fcas_sso.csp%3Fmode%3Dbs%26redirect%3Dhttps%253A%252F%252Fwww.fabiao.com%252Fcol,,ERROR0,,
杨刚,https://eng.nju.edu.cn/2f/1d/c4935a143133/page.htm,,,,
志愿服务 - 南大青年,https://tuanwei.nju.edu.cn/sjyr/zyfw.html,,,,
国家环保部副部长黄润秋调研太湖流域水专项课题示范现场,https://www.nju.edu.cn/d4/d3/c3814a185555/page.psp,,ERROR0,,
【外院】学院领导老师与2013级本科新生深入座谈 - 南大青年,https://tuanwei.nju.edu.cn/article/1389-201311272005,,,,
单泰松,https://www.nju.edu.cn/7c/75/c1925a31861/page.htm,,,,
【青协】“筑梦师”之旅第五站——11•14大小手“尧化周五素拓...,https://tuanwei.nju.edu.cn/article/4691-2014-11-16-23-13,,ERROR0,,
南海舆情简报,http://nanhai.nju.edu.cn/nhyqjb/list.htm,WARNING0,,,
南京大学统一身份认证服务,http://www.baidu.com/link?url=wohRZcsBJy8VWalhNewaCbYupvkE2mVZIi15fz8kob8RKCTo0Re1tnqIei6nsOaK&wd=&eqid=8d5150360001894d000000065c236c4b,WARNING0,ERROR0,ERROR1,
【现代快报】男博士研制天然手工皂 - 南大青年,https://tuanwei.nju.edu.cn/article/5833-2015-4-7-18-36-38,,,,
《公司法律评论》杂志_省级期刊_期刊点评,https://cas.nju.edu.cn/cas/login?service=https%3A%2F%2Fvpn2.nju.edu.cn%2Fpor%2Fcas_sso.csp%3Fmode%3Dbs%26redirect%3Dhttps%253A%252F%252Fwww.fabiao.com%252Fgsflpl,,ERROR0,,
【社联会】五彩社团相聚游园 十五度巡领携青春 - 南大青年,https://tuanwei.nju.edu.cn/article/6021-2015-4-28-19-14-27,,,,
【青奥聚焦▕ 中国江苏网】青奥会主媒体中心里有块“穿越时空的...,https://tuanwei.nju.edu.cn/article/3675-2014-08-04-14-31-28,,ERROR0,,
关于南京大学2016年博士生入学考试准考证打印的通知,http://grawww.nju.edu.cn/52/0a/c910a86538/page.htm,WARNING0,,,
南京大学青协与河海大学青协成功举办交流圆桌会议 - 南大青年,https://tuanwei.nju.edu.cn/article/3279-2014-05-27-01-03-38,,,,
莎士比亚(中国)中心,http://ias.nju.edu.cn/ssbywzgwzx/list.htm,WARNING0,ERROR0,,
研究生课程建设,http://grawww.nju.edu.cn/1019/list.htm,WARNING0,,,
名家讲坛,https://ias.nju.edu.cn/13104/list.htm,,,,
高研院通讯,http://ias.nju.edu.cn/13118/list.htm,WARNING0,,,
既有建筑节能改造论文10篇_发表之家,https://cas.nju.edu.cn/cas/login?service=https%3A%2F%2Fvpn2.nju.edu.cn%2Fpor%2Fcas_sso.csp%3Fmode%3Dbs%26redirect%3Dhttps%253A%252F%252Fwww.fabiao.com%252Flunwen%252Fjyjzjngz,,ERROR0,,
抓手论文10篇_发表之家,https://cas.nju.edu.cn/cas/login?service=https%3A%2F%2Fvpn2.nju.edu.cn%2Fpor%2Fcas_sso.csp%3Fmode%3Dbs%26redirect%3Dhttps%253A%252F%252Fwww.fabiao.com%252Flunwen%252Fzhuashou,,ERROR0,,
南京大学物理学院 - 简报,https://physics.nju.edu.cn/xwgg/jb.htm,,,,
设施农业技术论文10篇_发表之家,https://cas.nju.edu.cn/cas/login?service=https%3A%2F%2Fvpn2.nju.edu.cn%2Fpor%2Fcas_sso.csp%3Fmode%3Dbs%26redirect%3Dhttps%253A%252F%252Fwww.fabiao.com%252Flunwen%252Fsheshinongyejishu,,ERROR0,,
艺术陶瓷论文10篇_发表之家,https://cas.nju.edu.cn/cas/login?service=https%3A%2F%2Fvpn2.nju.edu.cn%2Fpor%2Fcas_sso.csp%3Fmode%3Dbs%26redirect%3Dhttps%253A%252F%252Fwww.fabiao.com%252Flunwen%252Fyishutaoci,,ERROR0,,
其他讲座,https://ias.nju.edu.cn/13112/list.htm,,,,
信赖域子问题论文10篇_发表之家,https://cas.nju.edu.cn/cas/login?service=https%3A%2F%2Fvpn2.nju.edu.cn%2Fpor%2Fcas_sso.csp%3Fmode%3Dbs%26redirect%3Dhttps%253A%252F%252Fwww.fabiao.com%252Flunwen%252Fxlyzwt,,ERROR0,,
观光旅游农业论文10篇_发表之家,https://cas.nju.edu.cn/cas/login?service=https%3A%2F%2Fvpn2.nju.edu.cn%2Fpor%2Fcas_sso.csp%3Fmode%3Dbs%26redirect%3Dhttps%253A%252F%252Fwww.fabiao.com%252Flunwen%252Fgglyny,,ERROR0,,
燃料电池发动机论文10篇_发表之家,https://cas.nju.edu.cn/cas/login?service=https%3A%2F%2Fvpn2.nju.edu.cn%2Fpor%2Fcas_sso.csp%3Fmode%3Dbs%26redirect%3Dhttps%253A%252F%252Fwww.fabiao.com%252Flunwen%252Frldcfdj,,ERROR0,,
文化副刊论文10篇_发表之家,https://cas.nju.edu.cn/cas/login?service=https%3A%2F%2Fvpn2.nju.edu.cn%2Fpor%2Fcas_sso.csp%3Fmode%3Dbs%26redirect%3Dhttps%253A%252F%252Fwww.fabiao.com%252Flunwen%252Fwenhuafukan,,ERROR0,,
《保鲜与加工》杂志_北大核心期刊_期刊点评,https://cas.nju.edu.cn/cas/login?service=https%3A%2F%2Fvpn2.nju.edu.cn%2Fpor%2Fcas_sso.csp%3Fmode%3Dbs%26redirect%3Dhttps%253A%252F%252Fwww.fabiao.com%252Fbxyjg,,ERROR0,,
工程性质论文10篇_发表之家,https://cas.nju.edu.cn/cas/login?service=https%3A%2F%2Fvpn2.nju.edu.cn%2Fpor%2Fcas_sso.csp%3Fmode%3Dbs%26redirect%3Dhttps%253A%252F%252Fwww.fabiao.com%252Flunwen%252Fgongchengxingzhi,,ERROR0,,
教材改革论文10篇_发表之家,https://cas.nju.edu.cn/cas/login?service=https%3A%2F%2Fvpn2.nju.edu.cn%2Fpor%2Fcas_sso.csp%3Fmode%3Dbs%26redirect%3Dhttps%253A%252F%252Fwww.fabiao.com%252Flunwen%252Fjcgg,,ERROR0,,
创业指导论文10篇_发表之家,https://cas.nju.edu.cn/cas/login?service=https%3A%2F%2Fvpn2.nju.edu.cn%2Fpor%2Fcas_sso.csp%3Fmode%3Dbs%26redirect%3Dhttps%253A%252F%252Fwww.fabiao.com%252Flunwen%252Fchuangyezhidao,,ERROR0,,
篮球技术论文10篇_发表之家,https://cas.nju.edu.cn/cas/login?service=https%3A%2F%2Fvpn2.nju.edu.cn%2Fpor%2Fcas_sso.csp%3Fmode%3Dbs%26redirect%3Dhttps%253A%252F%252Fwww.fabiao.com%252Flunwen%252Flanqiujishu,,ERROR0,,
回族话论文10篇_发表之家,https://cas.nju.edu.cn/cas/login?service=https%3A%2F%2Fvpn2.nju.edu.cn%2Fpor%2Fcas_sso.csp%3Fmode%3Dbs%26redirect%3Dhttps%253A%252F%252Fwww.fabiao.com%252Flunwen%252Fhuizuhua,,ERROR0,,
艺术音乐论文10篇_发表之家,https://cas.nju.edu.cn/cas/login?service=https%3A%2F%2Fvpn2.nju.edu.cn%2Fpor%2Fcas_sso.csp%3Fmode%3Dbs%26redirect%3Dhttps%253A%252F%252Fwww.fabiao.com%252Flunwen%252Fyishuyinle,,ERROR0,,
汽车变速器论文10篇_发表之家,https://cas.nju.edu.cn/cas/login?service=https%3A%2F%2Fvpn2.nju.edu.cn%2Fpor%2Fcas_sso.csp%3Fmode%3Dbs%26redirect%3Dhttps%253A%252F%252Fwww.fabiao.com%252Flunwen%252Fqcbsq,,ERROR0,,
施肥期论文10篇_发表之家,https://cas.nju.edu.cn/cas/login?service=https%3A%2F%2Fvpn2.nju.edu.cn%2Fpor%2Fcas_sso.csp%3Fmode%3Dbs%26redirect%3Dhttps%253A%252F%252Fwww.fabiao.com%252Flunwen%252Fsfq613319,,ERROR0,,
最小特征值论文10篇_发表之家,https://cas.nju.edu.cn/cas/login?service=https%3A%2F%2Fvpn2.nju.edu.cn%2Fpor%2Fcas_sso.csp%3Fmode%3Dbs%26redirect%3Dhttps%253A%252F%252Fwww.fabiao.com%252Flunwen%252Fzuixiaotezhengzhi,,ERROR0,,
人饮工程论文10篇_发表之家,https://cas.nju.edu.cn/cas/login?service=https%3A%2F%2Fvpn2.nju.edu.cn%2Fpor%2Fcas_sso.csp%3Fmode%3Dbs%26redirect%3Dhttps%253A%252F%252Fwww.fabiao.com%252Flunwen%252Frygc903882,,ERROR0,,
广告类型论文10篇_发表之家,https://cas.nju.edu.cn/cas/login?service=https%3A%2F%2Fvpn2.nju.edu.cn%2Fpor%2Fcas_sso.csp%3Fmode%3Dbs%26redirect%3Dhttps%253A%252F%252Fwww.fabiao.com%252Flunwen%252Fguanggaoleixing,,ERROR0,,
南京大学新闻网-我校学子俄语大赛获佳绩,http://news.nju.edu.cn/show_article_1_2125,WARNING0,,,
南京大学新闻网-第十三届“南京大学三星奖学金”颁奖,http://news.nju.edu.cn/show_article_1_39045,WARNING0,,,
斯里兰卡论文10篇_发表之家,https://cas.nju.edu.cn/cas/login?service=https%3A%2F%2Fvpn2.nju.edu.cn%2Fpor%2Fcas_sso.csp%3Fmode%3Dbs%26redirect%3Dhttps%253A%252F%252Fwww.fabiao.com%252Flunwen%252Fsililanqia,,ERROR0,,
南京大学新闻网-2014春季流行音乐会举办,http://news.nju.edu.cn/show_article_4_34620,WARNING0,,,
南京大学新闻网-南京大学一校友提前履约回赠母校4万元,http://news.nju.edu.cn/show_article_2_43743,WARNING0,,,
南京大学新闻网-洪修平:csv-parse,http://news.nju.edu.cn/show_article_8_47985,WARNING0,ERROR0,,
南京大学新闻网-金陵学院学生自编自演话剧《有雷无雨》,http://news.nju.edu.cn/show_article_12_33826,WARNING0,,,
欧美公司论文10篇_发表之家,https://cas.nju.edu.cn/cas/login?service=https%3A%2F%2Fvpn2.nju.edu.cn%2Fpor%2Fcas_sso.csp%3Fmode%3Dbs%26redirect%3Dhttps%253A%252F%252Fwww.fabiao.com%252Flunwen%252Foumeigongsi,,ERROR0,,
多光谱多光轴论文10篇_发表之家,https://cas.nju.edu.cn/cas/login?service=https%3A%2F%2Fvpn2.nju.edu.cn%2Fpor%2Fcas_sso.csp%3Fmode%3Dbs%26redirect%3Dhttps%253A%252F%252Fwww.fabiao.com%252Flunwen%252Fdgpdgz,,ERROR0,,
微观活力论文10篇_发表之家,https://cas.nju.edu.cn/cas/login?service=https%3A%2F%2Fvpn2.nju.edu.cn%2Fpor%2Fcas_sso.csp%3Fmode%3Dbs%26redirect%3Dhttps%253A%252F%252Fwww.fabiao.com%252Flunwen%252Fweiguanhuoli,,ERROR0,,
多机通信论文10篇_发表之家,https://cas.nju.edu.cn/cas/login?service=https%3A%2F%2Fvpn2.nju.edu.cn%2Fpor%2Fcas_sso.csp%3Fmode%3Dbs%26redirect%3Dhttps%253A%252F%252Fwww.fabiao.com%252Flunwen%252Fduojitongxin,,ERROR0,,
南京大学第十次党代会专题,http://news.nju.edu.cn/ddh/ddhshow_4_43993.html,WARNING0,,,
前因后果论文10篇_发表之家,https://cas.nju.edu.cn/cas/login?service=https%3A%2F%2Fvpn2.nju.edu.cn%2Fpor%2Fcas_sso.csp%3Fmode%3Dbs%26redirect%3Dhttps%253A%252F%252Fwww.fabiao.com%252Flunwen%252Fqianyinhouguo,,ERROR0,,
《沈阳大学学报》杂志2013年6期期刊目录_发表之家,https://cas.nju.edu.cn/cas/login?service=https%3A%2F%2Fvpn2.nju.edu.cn%2Fpor%2Fcas_sso.csp%3Fmode%3Dbs%26redirect%3Dhttps%253A%252F%252Fwww.fabiao.com%252Fsydxxb%252F201306,,ERROR0,,
南京大学新闻网-多学科学术交流成为南京大学―哥廷根大学合作新亮点,http://news.nju.edu.cn/show_article_2_3932,WARNING0,,,
南京大学新闻网-2017南大毕业微视频-《南大毕业说》,http://news.nju.edu.cn/video_play_1382.html,WARNING0,,,
省域中心城市论文10篇_发表之家,https://cas.nju.edu.cn/cas/login?service=https%3A%2F%2Fvpn2.nju.edu.cn%2Fpor%2Fcas_sso.csp%3Fmode%3Dbs%26redirect%3Dhttps%253A%252F%252Fwww.fabiao.com%252Flunwen%252Fshengyuzhongxinchengshi,,ERROR0,,
墙面装饰论文10篇_发表之家,https://cas.nju.edu.cn/cas/login?service=https%3A%2F%2Fvpn2.nju.edu.cn%2Fpor%2Fcas_sso.csp%3Fmode%3Dbs%26redirect%3Dhttps%253A%252F%252Fwww.fabiao.com%252Flunwen%252Fqiangmianzhuangshi,,ERROR0,,
南京大学新闻网-我校党委常委会认真学习习近平在河北省委常委会...,http://news.nju.edu.cn/show_article_1_32611,WARNING0,ERROR0,,
南京大学新闻网-南京"超级牛爸"走红 出身南大哲学系为儿写百万字...,http://news.nju.edu.cn/show_article_2_44881,WARNING0,ERROR0,,
南京大学新闻网-[金陵学院]召开“中共南京大学第十次代表大会”...,http://news.nju.edu.cn/show_article_9_36890,WARNING0,ERROR0,,
微笑的双星 ——致我们敬爱的计老师 - 新闻动态 - 南京大学历史学院,http://history.nju.edu.cn/bencandy.php?fid=7&id=2307,WARNING0,,,
